filename,label
06847.jpg,2
05710.jpg,0
04883.jpg,0
06241.jpg,0
04624.jpg,3
02444.jpg,2
04314.jpg,1
06038.jpg,0
01133.jpg,0
04047.jpg,0
04935.jpg,0
07582.jpg,0
03393.jpg,1
04775.jpg,0
02905.jpg,0
07496.jpg,0
01490.jpg,0
07570.jpg,0
04914.jpg,0
00644.jpg,1
05458.jpg,0
04442.jpg,0
07497.jpg,0
07770.jpg,1
01820.jpg,0
00071.jpg,0
04491.jpg,0
05144.jpg,0
05212.jpg,0
04158.jpg,0
01032.jpg,2
02773.jpg,0
03426.jpg,1
04570.jpg,0
00953.jpg,0
06358.jpg,0
04644.jpg,0
07367.jpg,0
04097.jpg,0
05504.jpg,0
00053.jpg,0
05378.jpg,0
00712.jpg,1
01316.jpg,0
06574.jpg,0
04089.jpg,0
05349.jpg,0
02796.jpg,0
01250.jpg,0
07786.jpg,1
03757.jpg,2
01216.jpg,0
00223.jpg,0
00757.jpg,2
03338.jpg,0
04655.jpg,0
01710.jpg,0
00623.jpg,0
03652.jpg,0
06776.jpg,0
03414.jpg,0
00832.jpg,2
02818.jpg,3
06821.jpg,0
06402.jpg,2
04888.jpg,2
07491.jpg,0
01928.jpg,0
06509.jpg,0
01312.jpg,2
03698.jpg,0
05487.jpg,0
05196.jpg,2
01965.jpg,0
01610.jpg,0
08119.jpg,0
04654.jpg,1
07419.jpg,0
00806.jpg,0
03063.jpg,0
02601.jpg,1
06947.jpg,0
05035.jpg,3
06518.jpg,0
06051.jpg,0
01845.jpg,0
06766.jpg,0
06700.jpg,1
04358.jpg,1
07062.jpg,1
01348.jpg,1
00378.jpg,0
06941.jpg,0
06511.jpg,0
01383.jpg,2
04177.jpg,0
06071.jpg,0
04691.jpg,0
03604.jpg,1
05259.jpg,0
06174.jpg,1
07990.jpg,0
02968.jpg,0
02661.jpg,1
05414.jpg,0
05022.jpg,1
06335.jpg,0
02934.jpg,2
02415.jpg,0
08110.jpg,1
06734.jpg,0
05441.jpg,0
01976.jpg,0
05654.jpg,0
04460.jpg,0
05108.jpg,0
04563.jpg,2
01268.jpg,2
03048.jpg,0
05029.jpg,0
05606.jpg,1
04711.jpg,2
07328.jpg,2
02693.jpg,0
01700.jpg,0
05357.jpg,3
04441.jpg,0
01901.jpg,0
07480.jpg,1
04542.jpg,0
04053.jpg,0
04349.jpg,0
03553.jpg,1
00064.jpg,0
04645.jpg,0
01356.jpg,0
07961.jpg,0
06415.jpg,0
05695.jpg,0
00335.jpg,2
02543.jpg,0
07213.jpg,0
05160.jpg,0
05704.jpg,2
02800.jpg,0
01086.jpg,0
04033.jpg,0
08140.jpg,0
06195.jpg,1
04684.jpg,1
08076.jpg,0
03573.jpg,1
03288.jpg,0
02992.jpg,0
01981.jpg,0
02663.jpg,0
02088.jpg,1
04140.jpg,2
07408.jpg,0
05362.jpg,0
03599.jpg,0
05750.jpg,0
07431.jpg,0
05934.jpg,0
03311.jpg,0
04680.jpg,1
01034.jpg,0
04801.jpg,1
06064.jpg,2
00006.jpg,0
06592.jpg,2
04752.jpg,0
05793.jpg,0
00334.jpg,0
07965.jpg,0
04948.jpg,0
04898.jpg,2
01310.jpg,0
03429.jpg,0
06845.jpg,0
05227.jpg,1
03696.jpg,1
01453.jpg,0
06724.jpg,0
08047.jpg,0
00247.jpg,0
06675.jpg,0
07354.jpg,0
00743.jpg,2
01066.jpg,0
03515.jpg,0
01532.jpg,1
03469.jpg,0
06886.jpg,0
02838.jpg,0
02192.jpg,1
07074.jpg,0
02477.jpg,0
05805.jpg,0
01644.jpg,0
00266.jpg,0
03513.jpg,0
00308.jpg,0
01686.jpg,2
02001.jpg,1
03124.jpg,0
06524.jpg,0
02987.jpg,0
00549.jpg,0
01525.jpg,0
03191.jpg,0
00772.jpg,0
07030.jpg,0
02743.jpg,1
03801.jpg,1
01201.jpg,1
07949.jpg,0
04035.jpg,0
07621.jpg,0
01811.jpg,1
01721.jpg,0
02834.jpg,0
06148.jpg,0
02833.jpg,0
06414.jpg,1
00150.jpg,0
03254.jpg,0
03066.jpg,0
01120.jpg,0
05008.jpg,0
06955.jpg,1
03133.jpg,1
03877.jpg,0
04745.jpg,0
01523.jpg,0
05444.jpg,3
05278.jpg,0
00579.jpg,1
04376.jpg,0
01600.jpg,0
01440.jpg,3
07972.jpg,0
01045.jpg,1
05971.jpg,0
06214.jpg,1
03988.jpg,3
06490.jpg,0
00971.jpg,0
02302.jpg,0
03684.jpg,0
04196.jpg,0
02948.jpg,0
07529.jpg,1
04590.jpg,1
05611.jpg,0
01855.jpg,0
05163.jpg,0
02360.jpg,2
00046.jpg,0
03049.jpg,0
07715.jpg,0
03232.jpg,1
08012.jpg,0
02920.jpg,2
04273.jpg,1
01474.jpg,1
06443.jpg,0
05812.jpg,1
05020.jpg,3
06316.jpg,0
05508.jpg,0
02229.jpg,0
01650.jpg,0
01069.jpg,0
00627.jpg,0
03315.jpg,0
03667.jpg,1
05306.jpg,0
06158.jpg,0
02017.jpg,0
03146.jpg,1
01053.jpg,0
02185.jpg,0
02238.jpg,0
00894.jpg,0
07532.jpg,1
01961.jpg,0
03095.jpg,3
07508.jpg,0
01056.jpg,0
04660.jpg,0
08005.jpg,0
03359.jpg,2
07553.jpg,0
05073.jpg,0
00964.jpg,3
00938.jpg,0
00660.jpg,0
06272.jpg,0
03452.jpg,0
03405.jpg,3
05082.jpg,0
03475.jpg,0
03781.jpg,0
01115.jpg,0
06616.jpg,0
03709.jpg,0
04353.jpg,0
00210.jpg,0
04784.jpg,1
07027.jpg,0
01416.jpg,0
02203.jpg,0
01962.jpg,0
02016.jpg,0
00637.jpg,0
01046.jpg,0
05673.jpg,0
03454.jpg,0
02486.jpg,1
05026.jpg,0
01272.jpg,1
00670.jpg,0
01596.jpg,0
00157.jpg,0
08071.jpg,0
03342.jpg,0
05085.jpg,0
07212.jpg,2
05958.jpg,0
00089.jpg,0
03980.jpg,0
05618.jpg,0
01634.jpg,0
05932.jpg,0
02756.jpg,3
06416.jpg,0
00726.jpg,0
04079.jpg,0
06314.jpg,0
07129.jpg,1
03511.jpg,0
05050.jpg,0
03786.jpg,0
01860.jpg,0
03563.jpg,0
01257.jpg,1
00381.jpg,2
08130.jpg,0
04974.jpg,1
06321.jpg,1
00073.jpg,2
04713.jpg,2
04880.jpg,0
02672.jpg,3
01874.jpg,2
00377.jpg,1
00261.jpg,0
02754.jpg,0
06144.jpg,0
05302.jpg,0
00949.jpg,3
06159.jpg,1
04289.jpg,0
07615.jpg,1
02145.jpg,1
05359.jpg,0
03940.jpg,0
02165.jpg,0
03581.jpg,2
07067.jpg,0
05479.jpg,2
00930.jpg,1
04936.jpg,0
03314.jpg,0
00331.jpg,0
03107.jpg,0
00705.jpg,1
06889.jpg,0
05337.jpg,0
05652.jpg,0
01571.jpg,0
01087.jpg,0
07219.jpg,0
05717.jpg,0
06369.jpg,0
04142.jpg,1
04193.jpg,1
04304.jpg,0
03522.jpg,0
06008.jpg,0
03165.jpg,0
06016.jpg,0
00725.jpg,0
05203.jpg,0
01868.jpg,0
02658.jpg,3
07539.jpg,2
01084.jpg,0
01041.jpg,3
04084.jpg,0
03110.jpg,1
06874.jpg,1
05965.jpg,0
02640.jpg,2
07464.jpg,0
00997.jpg,0
04438.jpg,1
06077.jpg,1
05510.jpg,0
04090.jpg,0
05574.jpg,2
03909.jpg,0
01391.jpg,0
07407.jpg,1
03910.jpg,3
07220.jpg,0
03252.jpg,0
04743.jpg,0
03081.jpg,0
04326.jpg,0
04475.jpg,0
03892.jpg,0
06676.jpg,1
02744.jpg,0
07069.jpg,0
07560.jpg,0
07428.jpg,1
05189.jpg,1
04925.jpg,2
03382.jpg,0
05914.jpg,0
01230.jpg,2
06472.jpg,3
07809.jpg,0
00245.jpg,0
07295.jpg,0
01935.jpg,0
03856.jpg,2
04830.jpg,0
00739.jpg,1
04851.jpg,0
06324.jpg,0
02034.jpg,2
04420.jpg,2
04510.jpg,0
01591.jpg,0
06951.jpg,1
06153.jpg,2
05057.jpg,0
03569.jpg,0
04018.jpg,1
00197.jpg,1
01319.jpg,0
01846.jpg,0
01108.jpg,0
05552.jpg,0
05870.jpg,0
06528.jpg,2
00062.jpg,0
02349.jpg,0
04832.jpg,0
07691.jpg,0
01636.jpg,2
03499.jpg,0
07836.jpg,0
03852.jpg,0
02182.jpg,0
02283.jpg,1
01746.jpg,0
04861.jpg,0
00262.jpg,0
05373.jpg,0
05851.jpg,1
04879.jpg,0
07196.jpg,0
05614.jpg,3
02447.jpg,0
01110.jpg,0
02452.jpg,0
04095.jpg,0
06022.jpg,0
06352.jpg,0
02250.jpg,0
00188.jpg,0
07788.jpg,0
07249.jpg,1
01841.jpg,0
00358.jpg,0
00118.jpg,0
07758.jpg,0
05608.jpg,0
06134.jpg,3
02461.jpg,0
04236.jpg,0
02692.jpg,0
04748.jpg,2
02466.jpg,2
04258.jpg,1
06512.jpg,0
00823.jpg,1
00846.jpg,2
05234.jpg,0
04938.jpg,2
02725.jpg,0
00589.jpg,0
01061.jpg,1
07884.jpg,3
07821.jpg,0
04899.jpg,2
00792.jpg,0
05989.jpg,2
07343.jpg,0
06745.jpg,0
03353.jpg,0
06473.jpg,0
04838.jpg,0
07108.jpg,0
05511.jpg,0
03116.jpg,1
02265.jpg,2
01220.jpg,1
03365.jpg,0
00183.jpg,0
07478.jpg,0
01317.jpg,0
05365.jpg,1
03024.jpg,3
00493.jpg,2
05944.jpg,0
06535.jpg,0
06056.jpg,0
02680.jpg,0
05272.jpg,0
02393.jpg,1
00018.jpg,0
00720.jpg,0
06866.jpg,0
04451.jpg,0
03626.jpg,0
00469.jpg,0
07504.jpg,1
07545.jpg,0
00666.jpg,0
02775.jpg,2
07735.jpg,0
00770.jpg,0
06010.jpg,0
01752.jpg,0
06280.jpg,0
00219.jpg,0
08107.jpg,0
04440.jpg,0
02772.jpg,0
00400.jpg,0
07379.jpg,0
06754.jpg,3
07796.jpg,0
03085.jpg,0
03765.jpg,0
07384.jpg,0
00095.jpg,2
06678.jpg,0
00492.jpg,0
02787.jpg,0
08003.jpg,1
02234.jpg,0
03113.jpg,0
06266.jpg,0
06092.jpg,0
03128.jpg,0
07190.jpg,0
00007.jpg,1
08144.jpg,0
01242.jpg,1
04164.jpg,2
06532.jpg,0
02997.jpg,0
01934.jpg,0
04216.jpg,0
05494.jpg,0
00633.jpg,0
02122.jpg,0
06636.jpg,0
05171.jpg,1
05168.jpg,1
02620.jpg,0
00389.jpg,1
04443.jpg,0
00648.jpg,0
03335.jpg,0
05567.jpg,0
03138.jpg,1
06622.jpg,0
08139.jpg,0
06610.jpg,0
00016.jpg,0
00441.jpg,0
00040.jpg,1
02514.jpg,1
04143.jpg,0
02176.jpg,0
01047.jpg,0
02758.jpg,0
03960.jpg,0
03079.jpg,0
00714.jpg,0
02574.jpg,0
02806.jpg,0
01429.jpg,0
07563.jpg,0
06406.jpg,0
07468.jpg,0
04281.jpg,0
00778.jpg,0
07832.jpg,0
04256.jpg,0
03870.jpg,2
05764.jpg,0
05355.jpg,3
07800.jpg,0
02164.jpg,0
06971.jpg,3
01405.jpg,1
03965.jpg,0
01621.jpg,1
02765.jpg,1
04571.jpg,0
02856.jpg,0
05888.jpg,0
00528.jpg,1
03059.jpg,1
07398.jpg,1
05490.jpg,0
01198.jpg,2
04849.jpg,0
04425.jpg,1
00600.jpg,0
06562.jpg,0
08062.jpg,2
01326.jpg,0
07104.jpg,0
07253.jpg,0
06127.jpg,0
07174.jpg,0
04609.jpg,0
04246.jpg,0
01518.jpg,0
04373.jpg,2
00690.jpg,0
03061.jpg,2
01618.jpg,0
02149.jpg,1
01922.jpg,0
01424.jpg,0
07127.jpg,1
03528.jpg,1
02131.jpg,1
00825.jpg,0
05197.jpg,0
03707.jpg,0
00100.jpg,3
01404.jpg,0
03395.jpg,0
05505.jpg,0
00636.jpg,0
05321.jpg,0
01363.jpg,0
05688.jpg,0
00978.jpg,1
07639.jpg,0
06665.jpg,0
02385.jpg,2
06808.jpg,1
02463.jpg,0
02584.jpg,0
07313.jpg,0
06902.jpg,0
06083.jpg,0
00673.jpg,2
07692.jpg,0
00918.jpg,0
03099.jpg,3
05267.jpg,2
06246.jpg,2
07374.jpg,0
06433.jpg,0
07236.jpg,0
02626.jpg,0
05448.jpg,0
07551.jpg,0
01448.jpg,1
05256.jpg,1
06124.jpg,1
02971.jpg,1
03914.jpg,0
06888.jpg,2
07511.jpg,1
01908.jpg,0
04813.jpg,0
00525.jpg,1
04091.jpg,1
02037.jpg,0
07112.jpg,1
06761.jpg,1
05711.jpg,0
00553.jpg,0
02305.jpg,0
02990.jpg,0
01479.jpg,0
01413.jpg,0
04706.jpg,0
05110.jpg,1
00434.jpg,0
07312.jpg,0
05966.jpg,1
05290.jpg,0
05835.jpg,2
06899.jpg,1
02021.jpg,1
03574.jpg,3
02677.jpg,1
04396.jpg,0
08099.jpg,3
07357.jpg,0
05460.jpg,0
00114.jpg,3
02817.jpg,0
05579.jpg,0
04783.jpg,0
03179.jpg,1
06969.jpg,0
02053.jpg,2
07144.jpg,0
06299.jpg,0
06282.jpg,0
04411.jpg,0
00564.jpg,0
01807.jpg,0
04630.jpg,0
07689.jpg,0
01368.jpg,1
04943.jpg,0
05312.jpg,0
05694.jpg,0
02866.jpg,0
05371.jpg,0
06231.jpg,0
03255.jpg,1
06973.jpg,0
07853.jpg,1
07453.jpg,0
06550.jpg,1
07422.jpg,1
04162.jpg,1
07044.jpg,2
02795.jpg,1
04190.jpg,0
01006.jpg,0
04324.jpg,1
00476.jpg,0
07588.jpg,1
07959.jpg,0
01872.jpg,0
00466.jpg,0
03115.jpg,0
03598.jpg,1
01090.jpg,0
05258.jpg,0
08073.jpg,0
01766.jpg,2
05716.jpg,1
01304.jpg,0
06209.jpg,2
03996.jpg,0
03149.jpg,0
02298.jpg,2
01132.jpg,1
01240.jpg,0
02096.jpg,0
06385.jpg,1
05394.jpg,0
03217.jpg,0
00563.jpg,0
04080.jpg,0
00192.jpg,1
06732.jpg,1
02127.jpg,0
04978.jpg,0
03536.jpg,0
02645.jpg,0
06152.jpg,1
03298.jpg,0
05990.jpg,0
02295.jpg,2
03634.jpg,0
05097.jpg,0
07229.jpg,1
07981.jpg,0
01033.jpg,0
07350.jpg,0
02390.jpg,1
06998.jpg,0
01296.jpg,0
04042.jpg,0
00019.jpg,0
03427.jpg,0
05119.jpg,0
07857.jpg,3
02029.jpg,0
04716.jpg,2
05096.jpg,0
05374.jpg,0
03131.jpg,1
02247.jpg,2
05951.jpg,0
02470.jpg,0
06865.jpg,1
06597.jpg,0
06918.jpg,0
00479.jpg,1
02423.jpg,0
04293.jpg,2
06682.jpg,1
02518.jpg,2
06864.jpg,2
04347.jpg,0
04506.jpg,0
02827.jpg,0
06792.jpg,0
00643.jpg,0
01847.jpg,0
00162.jpg,0
02386.jpg,0
05200.jpg,0
00490.jpg,0
03775.jpg,0
03356.jpg,0
04254.jpg,1
07599.jpg,0
00814.jpg,0
06176.jpg,2
00984.jpg,0
06943.jpg,0
03520.jpg,1
00432.jpg,0
03130.jpg,0
06031.jpg,0
03167.jpg,0
06645.jpg,0
03941.jpg,0
00868.jpg,3
06382.jpg,0
01435.jpg,1
04729.jpg,0
03753.jpg,0
06963.jpg,1
07184.jpg,1
04001.jpg,0
00649.jpg,0
07339.jpg,0
05121.jpg,2
00307.jpg,1
06561.jpg,0
02485.jpg,1
03954.jpg,3
07301.jpg,0
06226.jpg,0
06112.jpg,0
03611.jpg,0
00260.jpg,0
01699.jpg,1
05599.jpg,1
08028.jpg,0
07855.jpg,1
07041.jpg,0
04305.jpg,1
04515.jpg,1
02456.jpg,0
02204.jpg,0
06128.jpg,0
02726.jpg,0
05603.jpg,0
07746.jpg,0
05088.jpg,0
06555.jpg,1
07399.jpg,0
04615.jpg,1
01481.jpg,2
04453.jpg,0
00455.jpg,0
06235.jpg,0
07409.jpg,0
04303.jpg,0
08122.jpg,1
02102.jpg,0
04406.jpg,0
02277.jpg,0
02875.jpg,0
04473.jpg,2
00295.jpg,1
04465.jpg,0
05455.jpg,1
07572.jpg,0
03036.jpg,1
05889.jpg,0
03620.jpg,0
06587.jpg,2
01515.jpg,0
07602.jpg,0
00345.jpg,2
05345.jpg,0
04956.jpg,0
02089.jpg,0
07356.jpg,0
01705.jpg,0
04205.jpg,0
02107.jpg,2
07449.jpg,0
01019.jpg,0
03091.jpg,0
07117.jpg,0
06132.jpg,0
05941.jpg,0
07099.jpg,0
00322.jpg,2
07418.jpg,0
02861.jpg,0
06804.jpg,0
02864.jpg,0
02101.jpg,2
01682.jpg,0
00189.jpg,0
02828.jpg,0
02865.jpg,0
07130.jpg,0
03248.jpg,0
02538.jpg,0
01370.jpg,0
02939.jpg,0
06199.jpg,2
03603.jpg,0
08032.jpg,0
03565.jpg,0
00264.jpg,2
03213.jpg,0
05988.jpg,1
06330.jpg,0
01615.jpg,1
04489.jpg,0
06133.jpg,2
07690.jpg,0
03654.jpg,0
07729.jpg,1
03420.jpg,2
07283.jpg,0
06401.jpg,0
07492.jpg,0
00774.jpg,2
03490.jpg,0
02733.jpg,0
03258.jpg,0
00030.jpg,0
00750.jpg,0
01136.jpg,1
00655.jpg,0
01082.jpg,0
06968.jpg,1
02888.jpg,0
04758.jpg,0
00575.jpg,1
06706.jpg,0
02972.jpg,0
07489.jpg,0
05261.jpg,0
06536.jpg,0
00002.jpg,0
07525.jpg,2
05360.jpg,0
01156.jpg,1
01602.jpg,1
06909.jpg,1
06394.jpg,0
05719.jpg,0
07446.jpg,0
04589.jpg,0
06093.jpg,0
03993.jpg,0
06046.jpg,0
02025.jpg,0
07051.jpg,0
01762.jpg,0
01359.jpg,0
07839.jpg,0
06460.jpg,1
02254.jpg,2
04319.jpg,0
05236.jpg,0
08015.jpg,0
01586.jpg,0
07103.jpg,0
07617.jpg,1
01182.jpg,0
06779.jpg,0
03891.jpg,0
03895.jpg,0
04210.jpg,0
06534.jpg,0
02762.jpg,0
07290.jpg,1
00907.jpg,2
03670.jpg,0
04081.jpg,0
07221.jpg,0
01472.jpg,1
07768.jpg,0
04689.jpg,0
03829.jpg,0
01749.jpg,0
04564.jpg,1
03326.jpg,0
05214.jpg,0
02462.jpg,1
03748.jpg,0
05322.jpg,0
06463.jpg,2
05260.jpg,0
02911.jpg,0
03518.jpg,0
02605.jpg,0
02736.jpg,0
00741.jpg,2
07593.jpg,1
01181.jpg,0
01623.jpg,0
06689.jpg,0
03037.jpg,0
02945.jpg,2
04052.jpg,0
06823.jpg,0
02621.jpg,0
07118.jpg,0
03555.jpg,0
05133.jpg,0
02244.jpg,0
02724.jpg,0
07079.jpg,0
01573.jpg,0
00572.jpg,0
01949.jpg,3
06887.jpg,0
01903.jpg,0
07310.jpg,0
03796.jpg,2
05492.jpg,0
05159.jpg,2
03596.jpg,0
04462.jpg,0
04227.jpg,0
07467.jpg,0
07951.jpg,0
07012.jpg,0
03764.jpg,0
06413.jpg,0
06559.jpg,1
05550.jpg,1
07123.jpg,0
07861.jpg,1
06239.jpg,0
03460.jpg,0
04270.jpg,0
07666.jpg,0
04939.jpg,0
04178.jpg,0
05815.jpg,0
05252.jpg,1
00436.jpg,0
02755.jpg,0
06993.jpg,1
07050.jpg,0
08123.jpg,0
05446.jpg,1
02883.jpg,1
00005.jpg,2
01580.jpg,1
02941.jpg,0
06842.jpg,0
01698.jpg,0
06418.jpg,0
03269.jpg,0
03976.jpg,2
05680.jpg,0
01218.jpg,0
04338.jpg,0
06513.jpg,2
07311.jpg,1
06377.jpg,0
07192.jpg,2
07548.jpg,0
07388.jpg,0
03864.jpg,0
06882.jpg,0
02200.jpg,0
01740.jpg,1
00297.jpg,2
02212.jpg,2
06307.jpg,1
01055.jpg,2
04171.jpg,1
08075.jpg,0
00631.jpg,0
07443.jpg,0
04466.jpg,1
01073.jpg,0
07633.jpg,0
00370.jpg,0
07186.jpg,0
06692.jpg,3
02226.jpg,0
04181.jpg,0
01493.jpg,0
01893.jpg,3
00973.jpg,0
02868.jpg,0
01399.jpg,0
02977.jpg,1
06861.jpg,0
01366.jpg,0
06934.jpg,0
02836.jpg,0
00010.jpg,1
04540.jpg,0
00537.jpg,0
04204.jpg,0
06341.jpg,0
07292.jpg,1
06276.jpg,1
07495.jpg,0
01938.jpg,2
00875.jpg,0
05486.jpg,0
06441.jpg,1
00787.jpg,0
04905.jpg,0
01103.jpg,1
06588.jpg,0
03123.jpg,2
08058.jpg,1
03610.jpg,0
06313.jpg,0
03756.jpg,0
04926.jpg,0
07081.jpg,0
02355.jpg,0
01118.jpg,1
04361.jpg,0
03480.jpg,0
03409.jpg,0
06640.jpg,2
00879.jpg,2
01121.jpg,0
00439.jpg,0
00425.jpg,0
01572.jpg,0
07358.jpg,0
04088.jpg,2
07909.jpg,0
05814.jpg,0
05342.jpg,3
02527.jpg,0
00149.jpg,2
01060.jpg,2
07706.jpg,0
01697.jpg,1
01083.jpg,2
02468.jpg,0
07603.jpg,2
05187.jpg,2
05218.jpg,0
01915.jpg,0
07627.jpg,0
07733.jpg,1
07720.jpg,1
00530.jpg,0
04836.jpg,0
00228.jpg,0
06500.jpg,0
00551.jpg,0
08143.jpg,0
00632.jpg,0
01163.jpg,2
07790.jpg,0
00713.jpg,2
01994.jpg,0
06021.jpg,0
06459.jpg,1
01037.jpg,0
05665.jpg,0
02776.jpg,0
04245.jpg,2
05186.jpg,2
07146.jpg,0
06286.jpg,0
05702.jpg,2
00447.jpg,0
07759.jpg,0
02301.jpg,1
02047.jpg,0
00680.jpg,0
03384.jpg,0
07023.jpg,3
01038.jpg,0
03380.jpg,0
01127.jpg,0
02022.jpg,0
05389.jpg,0
01466.jpg,1
04298.jpg,1
04840.jpg,0
03679.jpg,0
00884.jpg,2
02010.jpg,1
01334.jpg,0
04480.jpg,0
06651.jpg,1
02251.jpg,0
05136.jpg,0
07501.jpg,0
04282.jpg,0
02183.jpg,1
05816.jpg,0
07325.jpg,0
02814.jpg,0
03402.jpg,0
00611.jpg,0
02716.jpg,0
02581.jpg,0
06714.jpg,1
03799.jpg,2
07895.jpg,0
05142.jpg,0
00103.jpg,0
04806.jpg,0
03857.jpg,0
02783.jpg,0
05807.jpg,0
08023.jpg,0
07206.jpg,0
06547.jpg,2
00491.jpg,1
00350.jpg,2
04221.jpg,0
04394.jpg,1
05192.jpg,2
00481.jpg,0
08101.jpg,0
02767.jpg,0
04370.jpg,0
00524.jpg,0
05624.jpg,0
05896.jpg,0
01128.jpg,0
06942.jpg,0
05630.jpg,0
01142.jpg,0
03241.jpg,0
05126.jpg,0
00212.jpg,0
07465.jpg,1
02531.jpg,1
06065.jpg,0
05591.jpg,0
08103.jpg,1
03479.jpg,0
00227.jpg,0
06089.jpg,0
03500.jpg,0
01025.jpg,0
05041.jpg,3
00175.jpg,3
03470.jpg,0
07914.jpg,0
07239.jpg,0
02857.jpg,0
05028.jpg,0
01978.jpg,0
05881.jpg,1
01577.jpg,0
02641.jpg,0
00936.jpg,0
04757.jpg,1
05462.jpg,0
02956.jpg,0
05781.jpg,0
02946.jpg,2
02002.jpg,1
03443.jpg,2
05166.jpg,2
02523.jpg,0
00230.jpg,0
07451.jpg,0
05868.jpg,0
00744.jpg,0
08027.jpg,0
04885.jpg,0
07640.jpg,0
01715.jpg,0
00304.jpg,0
07873.jpg,1
01543.jpg,0
00283.jpg,0
04786.jpg,0
03666.jpg,0
00123.jpg,0
04287.jpg,0
06213.jpg,0
04928.jpg,2
01105.jpg,0
00804.jpg,3
05963.jpg,0
04859.jpg,0
03876.jpg,0
06939.jpg,2
03530.jpg,1
05146.jpg,0
03412.jpg,0
04149.jpg,1
04915.jpg,0
04313.jpg,0
01997.jpg,0
00402.jpg,0
01948.jpg,0
05976.jpg,0
05193.jpg,1
00527.jpg,0
02332.jpg,1
03794.jpg,1
08063.jpg,1
03002.jpg,0
03051.jpg,0
00980.jpg,0
02846.jpg,2
02441.jpg,0
07670.jpg,0
06190.jpg,0
06287.jpg,0
04421.jpg,1
06111.jpg,0
00908.jpg,2
06953.jpg,0
03759.jpg,0
05283.jpg,0
07980.jpg,2
02813.jpg,0
05783.jpg,1
02408.jpg,1
04457.jpg,3
07810.jpg,1
06540.jpg,3
02168.jpg,0
04508.jpg,0
04458.jpg,1
04005.jpg,0
00174.jpg,2
05288.jpg,0
04322.jpg,1
05408.jpg,0
06423.jpg,0
01786.jpg,0
05107.jpg,0
05893.jpg,0
03176.jpg,2
06019.jpg,2
07787.jpg,0
07522.jpg,0
01599.jpg,0
04461.jpg,0
03448.jpg,0
01566.jpg,0
02820.jpg,0
06666.jpg,0
00824.jpg,2
06492.jpg,0
04696.jpg,0
02201.jpg,0
00951.jpg,1
05531.jpg,0
02667.jpg,0
04727.jpg,0
02467.jpg,0
01354.jpg,0
06123.jpg,0
02699.jpg,0
06040.jpg,0
04208.jpg,2
05333.jpg,0
01002.jpg,0
01743.jpg,0
04923.jpg,0
01849.jpg,1
05548.jpg,0
03818.jpg,0
07390.jpg,1
07698.jpg,0
03580.jpg,1
00284.jpg,1
05058.jpg,1
04781.jpg,0
02714.jpg,0
01791.jpg,0
05737.jpg,0
03879.jpg,2
07872.jpg,1
06996.jpg,0
07737.jpg,0
05553.jpg,0
05520.jpg,1
02041.jpg,0
03853.jpg,0
00291.jpg,1
04455.jpg,0
05453.jpg,0
06363.jpg,2
07797.jpg,0
00158.jpg,0
07073.jpg,0
05427.jpg,0
05536.jpg,0
02908.jpg,0
05634.jpg,0
00509.jpg,0
07937.jpg,1
07784.jpg,1
08044.jpg,0
03601.jpg,1
02491.jpg,0
06376.jpg,0
06216.jpg,0
04576.jpg,0
03749.jpg,0
00603.jpg,0
05459.jpg,0
00465.jpg,0
00096.jpg,0
04623.jpg,0
07703.jpg,2
07794.jpg,1
07805.jpg,0
02665.jpg,0
06753.jpg,1
07903.jpg,1
02184.jpg,0
06755.jpg,0
01851.jpg,0
01706.jpg,0
02129.jpg,1
00861.jpg,0
01174.jpg,2
07561.jpg,0
01869.jpg,2
01444.jpg,1
00899.jpg,0
07163.jpg,0
04065.jpg,1
07955.jpg,0
05316.jpg,0
05918.jpg,0
04101.jpg,0
08087.jpg,0
08050.jpg,1
01295.jpg,1
01569.jpg,0
07054.jpg,0
06315.jpg,1
05230.jpg,0
00900.jpg,0
03665.jpg,0
01806.jpg,2
07022.jpg,0
05866.jpg,0
07169.jpg,0
00471.jpg,0
02434.jpg,0
00544.jpg,0
00369.jpg,0
00364.jpg,2
02967.jpg,0
04619.jpg,0
01941.jpg,2
05036.jpg,0
05727.jpg,0
03363.jpg,3
03628.jpg,0
08084.jpg,0
05725.jpg,1
07581.jpg,0
03958.jpg,0
05323.jpg,0
04224.jpg,0
04767.jpg,1
02975.jpg,1
04253.jpg,0
07404.jpg,0
08074.jpg,0
04113.jpg,0
04599.jpg,0
05129.jpg,0
00314.jpg,2
03330.jpg,0
02425.jpg,1
05049.jpg,0
07989.jpg,0
00305.jpg,1
03639.jpg,0
02535.jpg,0
06481.jpg,3
04977.jpg,0
04444.jpg,1
03855.jpg,0
00435.jpg,3
02907.jpg,0
01649.jpg,2
06251.jpg,0
07046.jpg,0
07010.jpg,1
07946.jpg,1
03455.jpg,0
07136.jpg,0
04663.jpg,0
02761.jpg,2
04988.jpg,0
05120.jpg,0
07681.jpg,0
01626.jpg,1
01551.jpg,0
03944.jpg,0
06206.jpg,0
05613.jpg,0
04009.jpg,0
01914.jpg,3
07882.jpg,0
00761.jpg,2
02840.jpg,2
05915.jpg,0
00440.jpg,0
07987.jpg,0
03032.jpg,0
07816.jpg,1
00328.jpg,1
04982.jpg,0
06862.jpg,1
00451.jpg,1
06834.jpg,0
02478.jpg,0
06840.jpg,0
06878.jpg,2
03186.jpg,0
00044.jpg,0
05249.jpg,0
01998.jpg,0
07053.jpg,0
08091.jpg,1
03961.jpg,1
01467.jpg,0
06354.jpg,1
03637.jpg,3
04017.jpg,0
05762.jpg,0
06435.jpg,1
03978.jpg,0
00578.jpg,0
07337.jpg,1
00475.jpg,0
06757.jpg,0
06652.jpg,0
04881.jpg,1
07916.jpg,0
03535.jpg,0
06856.jpg,3
07722.jpg,3
03865.jpg,0
07975.jpg,0
00078.jpg,0
03658.jpg,0
00813.jpg,0
00696.jpg,2
01347.jpg,0
03795.jpg,0
07902.jpg,1
07193.jpg,0
06617.jpg,0
07760.jpg,0
00540.jpg,0
01411.jpg,0
04574.jpg,2
04265.jpg,0
03896.jpg,1
04878.jpg,0
01824.jpg,1
03671.jpg,0
02764.jpg,0
03399.jpg,0
03118.jpg,2
01447.jpg,2
05174.jpg,2
02261.jpg,0
05573.jpg,1
00937.jpg,0
00841.jpg,0
05056.jpg,0
07938.jpg,0
08090.jpg,2
06323.jpg,0
07111.jpg,0
03718.jpg,1
06798.jpg,0
05428.jpg,0
01555.jpg,2
01341.jpg,0
02558.jpg,1
04640.jpg,0
00254.jpg,1
03512.jpg,0
04351.jpg,0
00812.jpg,1
00588.jpg,1
07940.jpg,0
07767.jpg,1
02702.jpg,1
02070.jpg,1
00948.jpg,0
05125.jpg,0
02274.jpg,0
00590.jpg,0
07389.jpg,1
07090.jpg,0
05581.jpg,0
03344.jpg,0
02291.jpg,1
02648.jpg,0
00278.jpg,0
06661.jpg,0
03077.jpg,0
05257.jpg,0
01930.jpg,0
01788.jpg,3
02062.jpg,0
03785.jpg,0
05021.jpg,0
03160.jpg,0
03878.jpg,0
06960.jpg,0
00379.jpg,2
06950.jpg,0
08041.jpg,0
07003.jpg,1
04860.jpg,0
05998.jpg,0
06068.jpg,1
07153.jpg,3
00615.jpg,2
00035.jpg,1
05335.jpg,0
01780.jpg,0
04558.jpg,3
00213.jpg,1
03275.jpg,1
00829.jpg,0
00998.jpg,1
02158.jpg,0
01422.jpg,0
03586.jpg,1
01051.jpg,0
04642.jpg,1
02760.jpg,0
04600.jpg,0
02811.jpg,1
01689.jpg,0
05292.jpg,0
01172.jpg,2
01895.jpg,1
00876.jpg,2
02893.jpg,2
03100.jpg,0
03410.jpg,0
03915.jpg,0
06137.jpg,0
06136.jpg,0
02338.jpg,0
02936.jpg,0
07133.jpg,0
03866.jpg,1
05549.jpg,0
01445.jpg,1
02622.jpg,2
02642.jpg,0
07026.jpg,0
03814.jpg,0
07106.jpg,1
02515.jpg,2
01227.jpg,1
02243.jpg,3
02909.jpg,0
02294.jpg,2
04533.jpg,0
01124.jpg,0
01917.jpg,1
05315.jpg,0
00828.jpg,0
01593.jpg,0
04315.jpg,0
04290.jpg,0
04501.jpg,1
01355.jpg,0
03362.jpg,1
04929.jpg,0
01953.jpg,0
07510.jpg,0
01760.jpg,0
06253.jpg,1
02380.jpg,0
07636.jpg,0
06082.jpg,0
02867.jpg,0
03273.jpg,0
05352.jpg,1
04064.jpg,0
00609.jpg,0
04109.jpg,0
01234.jpg,0
03824.jpg,0
05363.jpg,3
03977.jpg,1
00994.jpg,0
03887.jpg,0
06274.jpg,0
05659.jpg,0
05533.jpg,0
02801.jpg,0
00462.jpg,1
05713.jpg,0
07024.jpg,0
04317.jpg,0
03572.jpg,0
01775.jpg,0
04513.jpg,1
04638.jpg,2
05111.jpg,0
00361.jpg,3
07620.jpg,0
06045.jpg,0
07472.jpg,2
04198.jpg,0
03619.jpg,0
03989.jpg,1
06984.jpg,0
01924.jpg,1
04030.jpg,0
01245.jpg,0
03674.jpg,0
02921.jpg,0
04966.jpg,0
03888.jpg,1
02571.jpg,1
02982.jpg,0
05555.jpg,0
05094.jpg,0
00097.jpg,0
01549.jpg,0
04369.jpg,2
00029.jpg,0
03673.jpg,0
00316.jpg,0
04862.jpg,2
00709.jpg,0
05791.jpg,1
01305.jpg,1
06483.jpg,0
07714.jpg,0
08121.jpg,0
03946.jpg,0
05748.jpg,0
04472.jpg,0
04631.jpg,0
07189.jpg,1
05042.jpg,0
00391.jpg,3
01999.jpg,2
06180.jpg,2
02608.jpg,1
03930.jpg,0
05422.jpg,0
05514.jpg,0
05627.jpg,1
00414.jpg,2
05185.jpg,0
05786.jpg,0
04557.jpg,1
05054.jpg,1
01741.jpg,0
02516.jpg,0
06782.jpg,0
01653.jpg,0
05140.jpg,1
05715.jpg,0
06255.jpg,3
05977.jpg,0
00494.jpg,0
07829.jpg,0
07894.jpg,1
05123.jpg,0
05404.jpg,0
02263.jpg,0
03663.jpg,0
01010.jpg,0
02479.jpg,0
06919.jpg,0
06656.jpg,0
05344.jpg,0
04763.jpg,1
00683.jpg,0
04593.jpg,0
01375.jpg,0
05858.jpg,0
03527.jpg,0
04697.jpg,0
06785.jpg,0
03588.jpg,1
01433.jpg,0
05240.jpg,2
02784.jpg,0
04280.jpg,0
00404.jpg,0
05482.jpg,0
01095.jpg,0
06799.jpg,0
01099.jpg,0
01476.jpg,0
02624.jpg,0
01823.jpg,0
01821.jpg,0
02852.jpg,0
00463.jpg,1
00654.jpg,0
03111.jpg,0
01992.jpg,0
03170.jpg,0
01804.jpg,0
07616.jpg,0
00689.jpg,0
06389.jpg,0
00496.jpg,0
03704.jpg,1
02000.jpg,0
03381.jpg,1
06342.jpg,0
00522.jpg,1
07296.jpg,0
04853.jpg,0
01455.jpg,0
01545.jpg,0
06101.jpg,1
02816.jpg,0
01839.jpg,0
03300.jpg,0
03688.jpg,1
01871.jpg,0
03473.jpg,2
00815.jpg,0
06979.jpg,0
05564.jpg,2
01826.jpg,0
02083.jpg,0
05572.jpg,0
07500.jpg,0
05443.jpg,1
06879.jpg,0
07100.jpg,0
04105.jpg,0
07237.jpg,3
06598.jpg,1
07165.jpg,0
00860.jpg,0
08068.jpg,1
04271.jpg,0
05139.jpg,1
07228.jpg,0
02169.jpg,2
07875.jpg,2
03647.jpg,2
00647.jpg,0
03762.jpg,0
02358.jpg,3
07336.jpg,0
02573.jpg,0
02006.jpg,0
00758.jpg,0
02190.jpg,0
03872.jpg,0
02459.jpg,0
04456.jpg,0
03385.jpg,1
06407.jpg,2
01350.jpg,0
00926.jpg,0
03459.jpg,0
00233.jpg,0
01728.jpg,0
02340.jpg,0
00533.jpg,0
03262.jpg,0
06815.jpg,2
00552.jpg,0
00399.jpg,0
02697.jpg,1
01801.jpg,1
02313.jpg,0
00619.jpg,0
02619.jpg,0
01774.jpg,1
06531.jpg,0
06835.jpg,0
04973.jpg,1
05777.jpg,0
02199.jpg,0
06868.jpg,0
05862.jpg,3
06284.jpg,0
07573.jpg,0
03782.jpg,1
04059.jpg,0
03699.jpg,3
00406.jpg,2
01432.jpg,2
00585.jpg,1
00415.jpg,0
07107.jpg,0
05931.jpg,0
07997.jpg,1
07763.jpg,0
07294.jpg,1
01607.jpg,0
00265.jpg,0
07315.jpg,0
00541.jpg,2
05135.jpg,0
07268.jpg,0
04308.jpg,0
01755.jpg,0
02588.jpg,2
06175.jpg,0
06743.jpg,0
06067.jpg,0
04107.jpg,1
02730.jpg,0
05477.jpg,0
00360.jpg,2
04237.jpg,0
05172.jpg,0
02139.jpg,0
02064.jpg,1
07575.jpg,0
02272.jpg,0
05712.jpg,0
02504.jpg,0
07739.jpg,0
05403.jpg,0
01196.jpg,0
03305.jpg,2
01059.jpg,0
00916.jpg,1
02723.jpg,0
03434.jpg,0
02886.jpg,1
00887.jpg,1
07020.jpg,1
03690.jpg,0
03738.jpg,0
06105.jpg,0
00069.jpg,0
04944.jpg,0
00935.jpg,1
07131.jpg,1
03669.jpg,1
04099.jpg,0
06641.jpg,0
08111.jpg,0
07904.jpg,2
03984.jpg,2
02862.jpg,3
02352.jpg,0
04882.jpg,0
00891.jpg,0
02694.jpg,0
01771.jpg,0
02973.jpg,0
07663.jpg,0
00091.jpg,0
00138.jpg,0
02919.jpg,0
00309.jpg,0
04306.jpg,0
01190.jpg,0
03103.jpg,0
04499.jpg,1
02896.jpg,0
07995.jpg,0
00668.jpg,0
06795.jpg,0
01954.jpg,0
03971.jpg,1
06502.jpg,2
04100.jpg,2
02194.jpg,0
08045.jpg,0
08079.jpg,2
02530.jpg,0
03253.jpg,0
03608.jpg,0
03770.jpg,1
07918.jpg,3
01920.jpg,3
03286.jpg,3
04578.jpg,1
04413.jpg,1
07822.jpg,0
07349.jpg,1
04067.jpg,1
06440.jpg,0
00319.jpg,0
00363.jpg,0
00207.jpg,0
06430.jpg,0
03542.jpg,0
03387.jpg,0
03578.jpg,0
04119.jpg,0
06000.jpg,2
00592.jpg,0
05723.jpg,2
07252.jpg,0
06261.jpg,2
02153.jpg,3
03827.jpg,0
07897.jpg,0
01362.jpg,2
03506.jpg,0
06191.jpg,1
01671.jpg,0
05600.jpg,0
06843.jpg,0
03190.jpg,0
03694.jpg,0
07960.jpg,0
06595.jpg,0
02970.jpg,0
03083.jpg,2
04405.jpg,0
05671.jpg,0
03219.jpg,0
07538.jpg,0
02612.jpg,0
00166.jpg,0
00187.jpg,0
00502.jpg,3
04653.jpg,2
05662.jpg,0
03386.jpg,0
06634.jpg,0
06262.jpg,1
07087.jpg,2
07217.jpg,0
04136.jpg,0
06204.jpg,1
02267.jpg,0
03635.jpg,0
07730.jpg,1
02565.jpg,1
01333.jpg,0
03178.jpg,0
04505.jpg,0
06894.jpg,0
04913.jpg,0
06841.jpg,0
02728.jpg,0
01364.jpg,1
00142.jpg,0
04685.jpg,0
02099.jpg,2
04920.jpg,0
06884.jpg,1
07362.jpg,0
03449.jpg,0
04212.jpg,2
05472.jpg,3
03721.jpg,0
03845.jpg,1
01758.jpg,2
08006.jpg,0
02492.jpg,0
02690.jpg,1
07172.jpg,0
05131.jpg,1
01471.jpg,2
00012.jpg,1
00975.jpg,0
00393.jpg,1
02566.jpg,0
04161.jpg,1
01454.jpg,2
07609.jpg,1
00485.jpg,0
06438.jpg,0
00763.jpg,0
05285.jpg,0
00457.jpg,1
05544.jpg,1
03548.jpg,0
00819.jpg,0
04847.jpg,0
03921.jpg,1
05478.jpg,0
02606.jpg,1
03903.jpg,2
00061.jpg,2
02616.jpg,0
05330.jpg,0
03408.jpg,0
07287.jpg,1
05440.jpg,0
07524.jpg,0
02151.jpg,1
06677.jpg,0
01892.jpg,1
01718.jpg,1
01576.jpg,0
00833.jpg,0
07649.jpg,0
04383.jpg,1
01944.jpg,0
07387.jpg,2
01023.jpg,0
00452.jpg,0
07814.jpg,0
07142.jpg,0
00077.jpg,1
04063.jpg,2
02281.jpg,0
00857.jpg,1
08031.jpg,1
05138.jpg,0
02493.jpg,0
00658.jpg,0
07728.jpg,0
04232.jpg,0
07342.jpg,3
05199.jpg,3
04022.jpg,0
00407.jpg,0
07841.jpg,0
05754.jpg,1
04367.jpg,0
03614.jpg,2
04085.jpg,0
06205.jpg,2
02950.jpg,1
05850.jpg,1
02944.jpg,0
05638.jpg,0
05903.jpg,0
00634.jpg,0
03636.jpg,0
01428.jpg,0
01012.jpg,0
05433.jpg,1
06233.jpg,0
07359.jpg,0
07197.jpg,0
04072.jpg,0
01916.jpg,0
03201.jpg,0
04037.jpg,2
03804.jpg,0
04058.jpg,3
04329.jpg,0
06551.jpg,0
06171.jpg,1
01412.jpg,1
01798.jpg,0
03613.jpg,0
04450.jpg,0
06630.jpg,0
05735.jpg,0
04422.jpg,1
07091.jpg,0
01891.jpg,0
04031.jpg,0
03898.jpg,0
05418.jpg,0
06911.jpg,0
00748.jpg,2
06278.jpg,1
02560.jpg,0
07683.jpg,1
06454.jpg,0
00559.jpg,0
01089.jpg,0
01221.jpg,1
04951.jpg,0
02552.jpg,0
02108.jpg,1
04664.jpg,0
01223.jpg,1
04709.jpg,0
01850.jpg,0
02132.jpg,2
07849.jpg,0
06703.jpg,0
05672.jpg,1
07571.jpg,0
01027.jpg,1
05438.jpg,0
06494.jpg,0
00352.jpg,1
04219.jpg,3
04872.jpg,0
06501.jpg,0
06685.jpg,0
06780.jpg,0
01624.jpg,0
01255.jpg,0
03498.jpg,0
02639.jpg,0
02381.jpg,0
07424.jpg,1
05268.jpg,0
04118.jpg,0
01733.jpg,0
00120.jpg,0
07432.jpg,0
02568.jpg,0
01274.jpg,0
03858.jpg,0
06767.jpg,1
01502.jpg,0
06809.jpg,2
00124.jpg,2
05011.jpg,0
05327.jpg,0
01331.jpg,0
04692.jpg,1
05380.jpg,2
02019.jpg,1
07238.jpg,1
05961.jpg,0
01236.jpg,0
07554.jpg,1
05696.jpg,3
08115.jpg,0
05539.jpg,0
06135.jpg,0
06697.jpg,0
06245.jpg,0
06586.jpg,0
07761.jpg,0
03194.jpg,0
03005.jpg,0
02346.jpg,0
06933.jpg,1
01327.jpg,2
03519.jpg,2
02382.jpg,0
02509.jpg,1
01909.jpg,0
03108.jpg,1
02737.jpg,0
04643.jpg,0
02750.jpg,0
06328.jpg,0
07762.jpg,1
08086.jpg,0
05883.jpg,1
07865.jpg,0
07978.jpg,0
04651.jpg,0
01511.jpg,1
01376.jpg,1
05154.jpg,1
06247.jpg,0
00542.jpg,2
05749.jpg,1
00429.jpg,0
02170.jpg,2
03589.jpg,0
03591.jpg,0
07513.jpg,0
00041.jpg,0
06185.jpg,1
03725.jpg,2
00090.jpg,2
04972.jpg,0
07225.jpg,0
06738.jpg,0
01048.jpg,0
06243.jpg,2
05122.jpg,0
08112.jpg,0
05668.jpg,0
02048.jpg,1
00897.jpg,0
06227.jpg,0
02245.jpg,1
06192.jpg,1
05299.jpg,0
07766.jpg,0
06566.jpg,2
07840.jpg,0
03304.jpg,0
03154.jpg,1
05395.jpg,0
00679.jpg,0
03508.jpg,0
07132.jpg,0
07970.jpg,0
01031.jpg,0
04527.jpg,1
03906.jpg,2
03324.jpg,0
07009.jpg,1
05390.jpg,2
06892.jpg,0
01866.jpg,0
04950.jpg,2
03514.jpg,0
00993.jpg,0
08105.jpg,0
07948.jpg,0
07673.jpg,0
04537.jpg,0
06877.jpg,0
02480.jpg,0
01878.jpg,1
00498.jpg,3
06917.jpg,0
02808.jpg,2
05853.jpg,0
02629.jpg,0
07646.jpg,0
04296.jpg,0
03783.jpg,0
05887.jpg,0
02871.jpg,2
00847.jpg,1
00182.jpg,0
06764.jpg,0
03461.jpg,0
00461.jpg,0
02890.jpg,0
00889.jpg,0
03102.jpg,0
01337.jpg,0
02304.jpg,0
06477.jpg,0
05207.jpg,0
01402.jpg,1
02635.jpg,0
06633.jpg,0
05287.jpg,0
07743.jpg,0
04167.jpg,0
02675.jpg,0
03701.jpg,1
02858.jpg,1
06003.jpg,0
08040.jpg,0
00686.jpg,0
02984.jpg,0
05001.jpg,0
02465.jpg,0
06007.jpg,0
04206.jpg,0
06373.jpg,0
08000.jpg,0
01550.jpg,0
03964.jpg,3
00676.jpg,0
01486.jpg,0
00979.jpg,2
03973.jpg,0
04185.jpg,0
00565.jpg,0
07261.jpg,1
07181.jpg,0
06565.jpg,0
00049.jpg,0
00957.jpg,2
01462.jpg,1
06115.jpg,0
04605.jpg,0
05734.jpg,0
05604.jpg,0
00999.jpg,1
05732.jpg,2
06527.jpg,0
04618.jpg,2
00771.jpg,0
07837.jpg,0
08135.jpg,0
04337.jpg,0
03101.jpg,0
04330.jpg,2
05682.jpg,2
01703.jpg,0
04231.jpg,0
04667.jpg,0
03152.jpg,0
03771.jpg,0
00992.jpg,0
03947.jpg,0
05463.jpg,1
02371.jpg,0
02739.jpg,0
07845.jpg,0
07979.jpg,0
01449.jpg,1
06449.jpg,0
05251.jpg,0
00593.jpg,0
07371.jpg,0
00929.jpg,0
06120.jpg,1
03595.jpg,0
07864.jpg,1
05198.jpg,0
01747.jpg,3
06774.jpg,0
06545.jpg,0
00082.jpg,0
03417.jpg,0
05640.jpg,0
02242.jpg,3
05532.jpg,2
07257.jpg,2
00624.jpg,0
07346.jpg,0
00703.jpg,0
07941.jpg,0
00154.jpg,0
04086.jpg,0
07533.jpg,2
02746.jpg,0
00531.jpg,0
02925.jpg,0
05578.jpg,0
04967.jpg,0
05416.jpg,2
04774.jpg,2
00237.jpg,2
01000.jpg,3
07286.jpg,0
03188.jpg,0
06258.jpg,1
03485.jpg,0
00108.jpg,3
01605.jpg,0
03493.jpg,0
02074.jpg,2
07277.jpg,0
02681.jpg,0
03714.jpg,0
06713.jpg,0
00990.jpg,0
00430.jpg,0
06904.jpg,0
00880.jpg,0
08132.jpg,0
07933.jpg,0
02013.jpg,0
04764.jpg,0
04021.jpg,0
05928.jpg,0
07891.jpg,0
04041.jpg,0
07025.jpg,1
06579.jpg,3
00786.jpg,0
06259.jpg,0
05356.jpg,0
07662.jpg,1
04754.jpg,0
05241.jpg,0
03433.jpg,0
06210.jpg,0
01480.jpg,0
02286.jpg,0
06085.jpg,0
01556.jpg,0
03378.jpg,1
00939.jpg,0
02318.jpg,2
05341.jpg,0
07866.jpg,0
06442.jpg,0
06719.jpg,0
03208.jpg,0
00839.jpg,1
02614.jpg,0
03726.jpg,0
03423.jpg,0
00472.jpg,0
08142.jpg,0
06907.jpg,1
05602.jpg,1
04019.jpg,1
07844.jpg,1
03447.jpg,1
00995.jpg,0
02292.jpg,0
00944.jpg,0
05935.jpg,0
04848.jpg,0
02020.jpg,0
06870.jpg,0
02917.jpg,0
06296.jpg,0
02366.jpg,1
01088.jpg,1
04169.jpg,0
06997.jpg,1
05127.jpg,0
04333.jpg,0
00837.jpg,0
01848.jpg,0
04375.jpg,1
06851.jpg,1
01936.jpg,1
02683.jpg,0
02803.jpg,0
03185.jpg,0
06876.jpg,3
00871.jpg,0
02572.jpg,0
03936.jpg,0
06470.jpg,3
03901.jpg,2
04294.jpg,0
07577.jpg,0
01253.jpg,1
04110.jpg,0
06727.jpg,0
04379.jpg,0
04082.jpg,0
00431.jpg,0
06448.jpg,3
01277.jpg,1
02162.jpg,0
04490.jpg,0
05461.jpg,0
03441.jpg,0
06447.jpg,1
03570.jpg,1
01415.jpg,0
07147.jpg,0
01662.jpg,0
01496.jpg,0
03308.jpg,0
02869.jpg,0
04740.jpg,1
06691.jpg,2
04291.jpg,2
03689.jpg,0
04682.jpg,0
06773.jpg,0
02246.jpg,0
04620.jpg,0
04554.jpg,1
06711.jpg,2
01276.jpg,0
01638.jpg,0
03912.jpg,0
05947.jpg,0
00065.jpg,0
03097.jpg,2
00671.jpg,0
05647.jpg,0
00735.jpg,0
02540.jpg,0
06201.jpg,1
00800.jpg,0
01138.jpg,0
03643.jpg,1
04366.jpg,0
06525.jpg,0
05134.jpg,0
03948.jpg,2
04678.jpg,2
00224.jpg,3
06496.jpg,0
04961.jpg,1
00710.jpg,0
06479.jpg,0
06718.jpg,0
01205.jpg,0
05243.jpg,3
02988.jpg,0
03575.jpg,0
01005.jpg,2
02362.jpg,0
03233.jpg,0
03533.jpg,0
07799.jpg,0
07835.jpg,0
00532.jpg,0
00742.jpg,0
05450.jpg,0
07641.jpg,1
06069.jpg,1
06001.jpg,0
08030.jpg,0
05616.jpg,0
02266.jpg,1
05620.jpg,0
06057.jpg,2
01442.jpg,3
05957.jpg,0
02357.jpg,0
05601.jpg,0
06391.jpg,0
00974.jpg,0
07285.jpg,0
04922.jpg,1
02103.jpg,0
04277.jpg,1
06380.jpg,0
06160.jpg,2
03263.jpg,0
03881.jpg,0
07607.jpg,0
01679.jpg,3
01589.jpg,0
00321.jpg,1
01986.jpg,0
01262.jpg,0
01939.jpg,0
00273.jpg,2
04092.jpg,0
06570.jpg,0
03990.jpg,0
02969.jpg,0
07724.jpg,0
06693.jpg,0
02046.jpg,1
00586.jpg,0
01945.jpg,1
07092.jpg,0
02591.jpg,0
05525.jpg,0
04808.jpg,1
05677.jpg,3
03884.jpg,0
03140.jpg,1
08013.jpg,3
00874.jpg,2
06875.jpg,2
01950.jpg,0
03175.jpg,0
03571.jpg,1
02643.jpg,1
06188.jpg,0
04827.jpg,1
03907.jpg,0
02076.jpg,0
03820.jpg,0
03900.jpg,0
08056.jpg,3
00119.jpg,1
06999.jpg,0
07218.jpg,1
07817.jpg,0
08022.jpg,0
07859.jpg,0
04125.jpg,1
02067.jpg,0
06493.jpg,0
03011.jpg,0
00181.jpg,1
07676.jpg,1
04522.jpg,0
00584.jpg,0
06409.jpg,0
04970.jpg,0
03462.jpg,0
05271.jpg,0
00766.jpg,0
02367.jpg,0
04247.jpg,0
00898.jpg,0
00756.jpg,0
02498.jpg,0
05953.jpg,0
05714.jpg,2
05000.jpg,0
04749.jpg,1
04525.jpg,0
07878.jpg,0
04356.jpg,1
08138.jpg,0
01191.jpg,3
04368.jpg,0
00133.jpg,0
02402.jpg,1
04393.jpg,1
01417.jpg,0
01795.jpg,0
02235.jpg,0
02093.jpg,2
01958.jpg,0
03312.jpg,2
03547.jpg,0
07076.jpg,0
01987.jpg,1
04000.jpg,0
02289.jpg,0
01722.jpg,0
04751.jpg,0
00292.jpg,0
01267.jpg,0
04959.jpg,0
04207.jpg,2
02676.jpg,0
07863.jpg,2
00180.jpg,1
04374.jpg,1
06170.jpg,0
03064.jpg,0
02940.jpg,1
00817.jpg,1
02100.jpg,1
01763.jpg,0
00051.jpg,2
02317.jpg,3
05518.jpg,0
01282.jpg,0
05954.jpg,0
01873.jpg,0
01119.jpg,0
04789.jpg,0
02044.jpg,0
01414.jpg,2
00147.jpg,1
03874.jpg,0
03093.jpg,1
02421.jpg,1
05676.jpg,0
01776.jpg,0
04841.jpg,0
05329.jpg,0
05724.jpg,0
05027.jpg,0
04831.jpg,0
02398.jpg,2
01519.jpg,0
03198.jpg,1
03545.jpg,0
03774.jpg,1
00246.jpg,0
03301.jpg,0
05632.jpg,0
02036.jpg,3
02214.jpg,0
07792.jpg,1
03141.jpg,0
01049.jpg,0
06549.jpg,0
01604.jpg,0
00514.jpg,1
04990.jpg,0
03712.jpg,0
01371.jpg,0
07535.jpg,0
00234.jpg,1
07223.jpg,1
01113.jpg,3
06672.jpg,0
01140.jpg,0
02785.jpg,0
07544.jpg,0
08070.jpg,1
06499.jpg,2
01014.jpg,0
00267.jpg,0
05086.jpg,0
08048.jpg,0
02329.jpg,0
00229.jpg,0
03617.jpg,1
03822.jpg,0
01085.jpg,0
02051.jpg,0
03421.jpg,0
04822.jpg,0
02228.jpg,0
07876.jpg,0
00468.jpg,2
07110.jpg,0
05938.jpg,0
04423.jpg,0
06326.jpg,0
00477.jpg,2
03933.jpg,0
02752.jpg,0
07439.jpg,0
05804.jpg,1
01122.jpg,0
04782.jpg,0
04268.jpg,2
04543.jpg,0
02557.jpg,3
02116.jpg,0
01918.jpg,1
04661.jpg,0
02822.jpg,0
03366.jpg,1
06356.jpg,2
06178.jpg,0
03313.jpg,0
07874.jpg,1
05493.jpg,0
04223.jpg,2
07198.jpg,0
05792.jpg,0
01421.jpg,0
07248.jpg,1
05350.jpg,0
06814.jpg,2
05182.jpg,0
07823.jpg,0
02431.jpg,0
00958.jpg,0
04659.jpg,3
04478.jpg,2
03422.jpg,0
05089.jpg,0
02812.jpg,0
02882.jpg,0
02484.jpg,0
02081.jpg,1
00711.jpg,3
06749.jpg,1
01469.jpg,0
05104.jpg,1
02090.jpg,1
02323.jpg,0
02216.jpg,0
04705.jpg,1
05495.jpg,2
03691.jpg,2
04257.jpg,1
02964.jpg,0
05651.jpg,0
01717.jpg,0
07734.jpg,0
01803.jpg,0
04503.jpg,0
00433.jpg,0
05177.jpg,0
04144.jpg,1
04502.jpg,0
02409.jpg,0
04239.jpg,1
05019.jpg,0
01812.jpg,0
03766.jpg,0
06086.jpg,0
05643.jpg,0
02312.jpg,0
01318.jpg,0
05070.jpg,0
02045.jpg,0
01323.jpg,2
04362.jpg,0
03222.jpg,2
02300.jpg,0
00446.jpg,0
04007.jpg,1
03238.jpg,0
00991.jpg,0
06396.jpg,2
05780.jpg,1
06822.jpg,1
00721.jpg,0
05796.jpg,1
07178.jpg,0
01400.jpg,0
01349.jpg,0
07291.jpg,0
03373.jpg,0
00499.jpg,1
01613.jpg,1
01881.jpg,0
00099.jpg,1
03439.jpg,0
07366.jpg,0
00031.jpg,1
01287.jpg,0
03197.jpg,1
02713.jpg,0
02578.jpg,2
01353.jpg,0
02095.jpg,0
04147.jpg,2
04155.jpg,0
02845.jpg,0
00639.jpg,1
07149.jpg,0
06522.jpg,1
05697.jpg,0
04183.jpg,0
01863.jpg,0
05648.jpg,0
04561.jpg,0
03676.jpg,0
01081.jpg,0
07877.jpg,0
07411.jpg,0
00738.jpg,0
05843.jpg,2
00220.jpg,0
06590.jpg,1
07231.jpg,0
02998.jpg,0
01470.jpg,0
02786.jpg,0
06541.jpg,2
02453.jpg,2
07830.jpg,1
05090.jpg,0
00749.jpg,0
01106.jpg,0
01793.jpg,3
03836.jpg,0
00277.jpg,0
05972.jpg,0
01900.jpg,0
07263.jpg,1
07466.jpg,0
03237.jpg,1
02404.jpg,1
04312.jpg,0
03761.jpg,0
03975.jpg,0
05985.jpg,0
03760.jpg,0
02231.jpg,0
07177.jpg,0
05824.jpg,0
05795.jpg,0
05262.jpg,0
07487.jpg,1
01781.jpg,0
01494.jpg,0
07017.jpg,0
00914.jpg,1
01691.jpg,1
06088.jpg,0
02502.jpg,0
01351.jpg,0
02181.jpg,1
05401.jpg,3
02094.jpg,1
06542.jpg,0
02118.jpg,0
00976.jpg,0
03245.jpg,0
02104.jpg,0
07700.jpg,0
06486.jpg,0
07273.jpg,0
04796.jpg,0
04670.jpg,0
05529.jpg,0
02187.jpg,1
07344.jpg,1
05072.jpg,0
06244.jpg,0
01522.jpg,0
06833.jpg,1
08072.jpg,0
01995.jpg,0
07256.jpg,2
06930.jpg,1
05339.jpg,0
00752.jpg,0
03038.jpg,0
03295.jpg,2
02687.jpg,0
03494.jpg,1
05464.jpg,0
04519.jpg,0
07647.jpg,0
08131.jpg,3
04191.jpg,0
08053.jpg,0
05031.jpg,0
01035.jpg,0
04028.jpg,0
07893.jpg,0
03842.jpg,0
06681.jpg,1
04382.jpg,0
05025.jpg,1
01561.jpg,0
05143.jpg,0
03736.jpg,1
07656.jpg,0
00112.jpg,0
04556.jpg,1
06265.jpg,0
02649.jpg,0
07323.jpg,0
05811.jpg,0
06901.jpg,0
05569.jpg,0
01896.jpg,1
07968.jpg,1
07592.jpg,1
06831.jpg,3
01217.jpg,1
02276.jpg,0
03209.jpg,1
02080.jpg,1
01078.jpg,0
00691.jpg,0
07900.jpg,0
06475.jpg,0
00023.jpg,1
04320.jpg,1
03875.jpg,0
03256.jpg,0
03606.jpg,0
02043.jpg,1
02375.jpg,1
01488.jpg,0
07210.jpg,0
04911.jpg,1
07710.jpg,1
01279.jpg,1
05400.jpg,1
01265.jpg,0
03817.jpg,0
04093.jpg,1
00675.jpg,0
06858.jpg,0
03096.jpg,0
02506.jpg,0
03711.jpg,0
04986.jpg,1
02799.jpg,0
05683.jpg,0
03357.jpg,0
03597.jpg,0
04051.jpg,1
00080.jpg,2
01096.jpg,1
05188.jpg,2
05841.jpg,1
03383.jpg,0
06694.jpg,0
04952.jpg,0
07578.jpg,1
07068.jpg,0
01513.jpg,1
06872.jpg,0
07281.jpg,0
04342.jpg,0
03722.jpg,0
02717.jpg,0
05324.jpg,0
04138.jpg,0
06516.jpg,0
02275.jpg,1
00084.jpg,3
04770.jpg,0
06121.jpg,0
04677.jpg,0
07795.jpg,1
07028.jpg,0
00960.jpg,0
01875.jpg,0
01942.jpg,0
07058.jpg,1
04479.jpg,1
03355.jpg,0
06466.jpg,2
05309.jpg,2
06708.jpg,0
06292.jpg,0
05473.jpg,0
03951.jpg,0
00218.jpg,0
06090.jpg,0
00388.jpg,1
01300.jpg,1
07075.jpg,2
07151.jpg,0
02370.jpg,0
02310.jpg,0
05948.jpg,1
06928.jpg,0
06605.jpg,1
06563.jpg,3
03180.jpg,1
01625.jpg,0
02135.jpg,2
03468.jpg,0
00195.jpg,0
00194.jpg,0
00865.jpg,0
01912.jpg,3
07159.jpg,1
05908.jpg,0
07930.jpg,0
03902.jpg,0
00480.jpg,1
00852.jpg,1
04043.jpg,0
04284.jpg,0
03932.jpg,0
01179.jpg,0
05722.jpg,0
00372.jpg,0
05167.jpg,0
06126.jpg,0
05797.jpg,0
04858.jpg,0
06520.jpg,0
02432.jpg,1
03072.jpg,2
02782.jpg,0
02339.jpg,0
02989.jpg,0
04385.jpg,0
00231.jpg,2
07628.jpg,0
00327.jpg,0
01342.jpg,0
01264.jpg,0
06102.jpg,0
03017.jpg,1
04869.jpg,0
06687.jpg,0
02837.jpg,0
01039.jpg,0
07648.jpg,1
02753.jpg,3
08060.jpg,1
00692.jpg,1
03956.jpg,1
02980.jpg,0
03649.jpg,1
01582.jpg,0
02004.jpg,0
05502.jpg,0
02539.jpg,0
05637.jpg,1
06949.jpg,0
01194.jpg,0
03351.jpg,0
06024.jpg,0
07753.jpg,1
07155.jpg,0
07806.jpg,0
01330.jpg,2
03464.jpg,0
02600.jpg,0
06765.jpg,1
04354.jpg,1
02826.jpg,0
05849.jpg,0
07004.jpg,1
03651.jpg,3
01730.jpg,0
05396.jpg,1
02191.jpg,0
07316.jpg,2
01761.jpg,0
05254.jpg,0
03741.jpg,0
02483.jpg,3
08039.jpg,1
00201.jpg,0
03962.jpg,0
06250.jpg,3
02824.jpg,0
07093.jpg,0
00382.jpg,1
03612.jpg,2
05410.jpg,0
04468.jpg,0
04704.jpg,0
04397.jpg,2
00168.jpg,0
04732.jpg,0
00151.jpg,0
00258.jpg,0
04122.jpg,3
06203.jpg,0
02324.jpg,0
04892.jpg,0
03021.jpg,0
03135.jpg,1
01867.jpg,1
04197.jpg,0
02368.jpg,0
07485.jpg,1
01188.jpg,1
05361.jpg,0
06462.jpg,0
00009.jpg,0
08016.jpg,0
02695.jpg,0
00141.jpg,0
00121.jpg,1
00032.jpg,0
02655.jpg,1
06807.jpg,0
05556.jpg,0
01720.jpg,0
02210.jpg,0
05439.jpg,1
01921.jpg,2
03576.jpg,0
07034.jpg,0
06768.jpg,0
01911.jpg,0
03991.jpg,0
00354.jpg,0
07808.jpg,0
06257.jpg,0
02943.jpg,0
05919.jpg,2
02691.jpg,0
01325.jpg,2
01661.jpg,1
03524.jpg,0
07435.jpg,0
02792.jpg,2
02208.jpg,0
00526.jpg,0
03476.jpg,0
02962.jpg,2
07483.jpg,0
01713.jpg,0
03171.jpg,2
01074.jpg,2
06925.jpg,0
04114.jpg,1
02884.jpg,0
05388.jpg,0
07655.jpg,0
01211.jpg,0
01465.jpg,0
07029.jpg,0
02935.jpg,1
01093.jpg,0
07675.jpg,0
04688.jpg,1
05509.jpg,0
01663.jpg,0
07162.jpg,0
05405.jpg,0
08133.jpg,0
03544.jpg,0
07565.jpg,0
05501.jpg,0
02215.jpg,1
06867.jpg,0
05413.jpg,0
05238.jpg,0
00367.jpg,0
02985.jpg,1
06275.jpg,0
04753.jpg,0
07450.jpg,0
01887.jpg,0
06295.jpg,2
00330.jpg,3
00495.jpg,2
02704.jpg,0
05048.jpg,0
05570.jpg,0
01980.jpg,1
01883.jpg,0
02719.jpg,0
01373.jpg,0
07375.jpg,0
05083.jpg,0
00055.jpg,0
02205.jpg,1
05503.jpg,3
00892.jpg,1
04414.jpg,2
05826.jpg,2
08021.jpg,0
01273.jpg,0
01822.jpg,0
04919.jpg,1
05610.jpg,0
05619.jpg,3
01854.jpg,0
01673.jpg,0
03908.jpg,0
03236.jpg,0
00695.jpg,2
04186.jpg,0
06147.jpg,0
01657.jpg,1
05588.jpg,0
06027.jpg,1
06080.jpg,0
03952.jpg,0
00883.jpg,1
05332.jpg,2
01725.jpg,0
01475.jpg,0
02615.jpg,0
02779.jpg,1
00830.jpg,1
03568.jpg,0
06662.jpg,1
06218.jpg,0
00996.jpg,0
04217.jpg,0
06970.jpg,0
01676.jpg,0
04532.jpg,1
01247.jpg,0
04275.jpg,0
05924.jpg,0
07207.jpg,1
02269.jpg,1
01630.jpg,2
01009.jpg,2
03325.jpg,0
04895.jpg,1
01498.jpg,0
04760.jpg,0
00571.jpg,1
04524.jpg,1
08114.jpg,3
04587.jpg,0
02853.jpg,1
04694.jpg,1
06154.jpg,3
05293.jpg,0
03893.jpg,0
05367.jpg,0
07036.jpg,0
05773.jpg,0
05173.jpg,0
01946.jpg,0
06670.jpg,2
02316.jpg,3
06301.jpg,0
07135.jpg,0
00707.jpg,1
03802.jpg,0
05223.jpg,2
00557.jpg,0
04810.jpg,0
03023.jpg,0
03504.jpg,0
07789.jpg,0
05225.jpg,0
07006.jpg,0
01386.jpg,0
06896.jpg,0
01654.jpg,0
00808.jpg,3
00333.jpg,0
04048.jpg,0
02604.jpg,0
03348.jpg,1
03291.jpg,0
06965.jpg,0
00577.jpg,3
06735.jpg,0
03763.jpg,1
02436.jpg,0
03290.jpg,0
04297.jpg,0
00755.jpg,0
07461.jpg,0
06319.jpg,1
04595.jpg,0
07124.jpg,0
06224.jpg,0
05852.jpg,0
07205.jpg,0
04436.jpg,0
01984.jpg,0
00294.jpg,1
06202.jpg,0
06106.jpg,0
06733.jpg,0
07284.jpg,0
01890.jpg,0
03703.jpg,0
01830.jpg,1
04180.jpg,2
02111.jpg,0
07345.jpg,0
07870.jpg,0
03562.jpg,0
04984.jpg,0
02218.jpg,1
06759.jpg,0
02172.jpg,0
02353.jpg,0
07885.jpg,0
01374.jpg,1
04941.jpg,0
01818.jpg,0
06854.jpg,0
05528.jpg,0
00965.jpg,0
07659.jpg,0
01667.jpg,1
03719.jpg,0
05942.jpg,1
05693.jpg,3
04034.jpg,1
02211.jpg,3
02625.jpg,0
05653.jpg,2
01050.jpg,1
00659.jpg,0
06325.jpg,1
00607.jpg,0
05247.jpg,0
07321.jpg,2
02259.jpg,0
06104.jpg,0
06922.jpg,1
03644.jpg,0
00486.jpg,1
01831.jpg,3
06186.jpg,0
01645.jpg,0
04560.jpg,0
02253.jpg,0
03920.jpg,1
06582.jpg,0
04302.jpg,0
03623.jpg,0
02365.jpg,2
05156.jpg,0
00945.jpg,0
01116.jpg,0
01601.jpg,1
03854.jpg,0
02435.jpg,0
01581.jpg,0
05890.jpg,0
07032.jpg,1
05112.jpg,0
03737.jpg,0
01385.jpg,0
06608.jpg,0
05831.jpg,2
06392.jpg,0
04124.jpg,0
07645.jpg,0
07536.jpg,0
01973.jpg,0
00050.jpg,0
01309.jpg,2
05253.jpg,1
01692.jpg,0
03150.jpg,1
05538.jpg,0
01512.jpg,0
07847.jpg,0
00296.jpg,1
00036.jpg,0
02991.jpg,0
00872.jpg,0
04780.jpg,0
06333.jpg,0
04703.jpg,2
05308.jpg,0
03744.jpg,0
00854.jpg,3
05383.jpg,3
00882.jpg,0
07340.jpg,0
07084.jpg,0
03397.jpg,0
01361.jpg,0
00890.jpg,3
04242.jpg,1
02342.jpg,0
03997.jpg,2
04285.jpg,0
06920.jpg,0
00279.jpg,0
03174.jpg,0
05215.jpg,0
01484.jpg,0
06254.jpg,0
02042.jpg,0
03249.jpg,0
03196.jpg,0
00324.jpg,1
06982.jpg,1
06857.jpg,0
08083.jpg,0
04665.jpg,0
05785.jpg,3
06510.jpg,0
07421.jpg,0
03199.jpg,0
07454.jpg,0
00033.jpg,0
05979.jpg,0
06737.jpg,1
00484.jpg,0
03139.jpg,0
05597.jpg,0
01919.jpg,0
00450.jpg,0
06053.jpg,3
04487.jpg,0
02373.jpg,0
01952.jpg,1
04130.jpg,0
00906.jpg,0
06361.jpg,0
00781.jpg,3
07442.jpg,2
03076.jpg,0
04766.jpg,0
00185.jpg,1
00799.jpg,0
04135.jpg,0
07488.jpg,0
04762.jpg,0
06114.jpg,0
06644.jpg,0
06436.jpg,0
05470.jpg,0
01042.jpg,0
04702.jpg,0
06312.jpg,1
03379.jpg,0
04603.jpg,3
01492.jpg,1
05772.jpg,1
01528.jpg,1
01018.jpg,0
01258.jpg,1
07924.jpg,1
00915.jpg,1
07749.jpg,0
07016.jpg,0
01169.jpg,0
02958.jpg,0
01458.jpg,2
05047.jpg,1
03281.jpg,1
05844.jpg,0
01897.jpg,2
07338.jpg,0
06368.jpg,0
05535.jpg,1
07801.jpg,0
06817.jpg,2
02965.jpg,1
01340.jpg,0
03552.jpg,1
06619.jpg,0
01232.jpg,0
05728.jpg,1
07958.jpg,0
02343.jpg,0
02664.jpg,0
07848.jpg,1
03567.jpg,1
04470.jpg,0
02711.jpg,0
07176.jpg,0
04701.jpg,0
02732.jpg,3
05013.jpg,0
07251.jpg,0
06350.jpg,0
03033.jpg,0
02561.jpg,0
00731.jpg,0
02430.jpg,0
00561.jpg,0
00339.jpg,0
03496.jpg,0
00057.jpg,0
01907.jpg,2
03566.jpg,0
03193.jpg,3
07812.jpg,0
04412.jpg,0
00807.jpg,1
03284.jpg,0
05690.jpg,1
02913.jpg,0
02072.jpg,1
01483.jpg,0
08141.jpg,0
04350.jpg,0
00805.jpg,0
08037.jpg,3
03052.jpg,0
07549.jpg,1
02008.jpg,0
02807.jpg,0
01109.jpg,0
07527.jpg,1
02416.jpg,0
02388.jpg,0
07460.jpg,0
02464.jpg,0
03534.jpg,1
04962.jpg,0
02448.jpg,2
02899.jpg,0
01022.jpg,0
04877.jpg,0
02978.jpg,0
04504.jpg,2
03158.jpg,3
00453.jpg,1
03166.jpg,2
02780.jpg,1
03398.jpg,0
08128.jpg,0
03790.jpg,0
03561.jpg,0
02387.jpg,0
00759.jpg,0
03938.jpg,3
07115.jpg,0
06113.jpg,0
06050.jpg,1
03618.jpg,0
01563.jpg,1
00612.jpg,0
06399.jpg,0
07998.jpg,1
06219.jpg,0
06564.jpg,2
05060.jpg,1
05658.jpg,0
00733.jpg,0
05481.jpg,0
01303.jpg,0
04738.jpg,0
01509.jpg,0
04918.jpg,0
01716.jpg,0
05204.jpg,0
02849.jpg,0
05593.jpg,0
01193.jpg,1
05114.jpg,0
01207.jpg,1
02297.jpg,1
08108.jpg,0
07983.jpg,0
04592.jpg,0
01505.jpg,0
03390.jpg,0
01210.jpg,0
07731.jpg,0
04172.jpg,0
01542.jpg,0
07630.jpg,0
01030.jpg,1
03838.jpg,0
06495.jpg,1
04559.jpg,3
06359.jpg,2
00079.jpg,1
06066.jpg,1
05372.jpg,0
04867.jpg,0
03482.jpg,3
01065.jpg,0
04681.jpg,1
02949.jpg,0
05244.jpg,0
04404.jpg,1
00987.jpg,0
05806.jpg,3
03119.jpg,0
07085.jpg,1
00428.jpg,0
04721.jpg,2
06715.jpg,2
06964.jpg,0
04794.jpg,0
00928.jpg,0
01306.jpg,0
06797.jpg,1
05798.jpg,0
03247.jpg,2
03882.jpg,0
03772.jpg,0
01029.jpg,2
04077.jpg,0
07771.jpg,1
00004.jpg,0
01991.jpg,1
07503.jpg,0
06167.jpg,0
03202.jpg,0
05393.jpg,0
01452.jpg,2
00706.jpg,1
00408.jpg,0
02508.jpg,1
02084.jpg,0
07540.jpg,0
06560.jpg,0
00657.jpg,0
01960.jpg,3
06041.jpg,0
01052.jpg,0
01539.jpg,1
01017.jpg,0
06427.jpg,0
02239.jpg,1
05747.jpg,0
03705.jpg,0
06140.jpg,0
05530.jpg,0
04811.jpg,0
05964.jpg,0
05006.jpg,1
01754.jpg,1
08008.jpg,0
01985.jpg,0
02894.jpg,0
02407.jpg,0
03012.jpg,0
04932.jpg,0
05397.jpg,0
01410.jpg,1
02110.jpg,0
04469.jpg,0
06508.jpg,1
04467.jpg,3
02331.jpg,1
08059.jpg,1
06420.jpg,1
04384.jpg,0
01770.jpg,0
07002.jpg,0
04715.jpg,0
04046.jpg,0
02032.jpg,0
04410.jpg,0
05451.jpg,2
07208.jpg,1
04008.jpg,1
01964.jpg,0
04594.jpg,0
05162.jpg,0
00566.jpg,0
02863.jpg,0
01764.jpg,1
00513.jpg,0
03816.jpg,0
05708.jpg,1
02220.jpg,0
06047.jpg,0
06873.jpg,0
02570.jpg,0
01243.jpg,1
02495.jpg,0
02682.jpg,0
05700.jpg,0
03713.jpg,0
01146.jpg,0
00638.jpg,0
06498.jpg,0
04301.jpg,0
06583.jpg,0
01206.jpg,0
00039.jpg,0
05752.jpg,0
04736.jpg,1
02123.jpg,0
03400.jpg,0
00664.jpg,0
00104.jpg,2
06002.jpg,0
00779.jpg,1
00776.jpg,3
07585.jpg,1
05161.jpg,1
03645.jpg,0
00699.jpg,0
06429.jpg,1
07227.jpg,1
04331.jpg,0
05667.jpg,0
01913.jpg,0
00587.jpg,0
00982.jpg,0
07517.jpg,0
03788.jpg,1
04997.jpg,1
03731.jpg,1
02891.jpg,0
02904.jpg,0
06927.jpg,0
00505.jpg,0
05239.jpg,0
04259.jpg,0
03271.jpg,1
06974.jpg,0
07907.jpg,1
04516.jpg,1
02455.jpg,2
02196.jpg,2
05334.jpg,3
03491.jpg,1
04816.jpg,0
07550.jpg,0
05848.jpg,0
01668.jpg,3
07606.jpg,0
07791.jpg,0
00081.jpg,0
02325.jpg,0
04116.jpg,0
00473.jpg,2
05768.jpg,0
04549.jpg,0
02063.jpg,0
01815.jpg,2
03935.jpg,1
04548.jpg,0
02628.jpg,2
05794.jpg,0
06347.jpg,0
07158.jpg,2
06994.jpg,0
07520.jpg,0
03717.jpg,0
00933.jpg,0
05296.jpg,0
02411.jpg,1
05546.jpg,0
01063.jpg,0
05346.jpg,0
07494.jpg,0
04137.jpg,1
04693.jpg,0
07642.jpg,0
06647.jpg,3
02657.jpg,0
02932.jpg,1
03114.jpg,0
04424.jpg,0
02005.jpg,0
06751.jpg,0
02503.jpg,1
02707.jpg,0
01235.jpg,0
04904.jpg,0
00067.jpg,2
06533.jpg,0
03020.jpg,2
01524.jpg,0
02345.jpg,1
05194.jpg,1
07614.jpg,0
04864.jpg,2
07773.jpg,1
05430.jpg,0
03317.jpg,0
01889.jpg,0
06096.jpg,0
03227.jpg,0
02126.jpg,1
02195.jpg,0
03456.jpg,0
00746.jpg,0
04891.jpg,0
04718.jpg,0
01360.jpg,0
02496.jpg,1
04717.jpg,0
00843.jpg,1
04597.jpg,2
05801.jpg,1
04189.jpg,3
07912.jpg,0
01097.jpg,0
07470.jpg,0
04459.jpg,0
01568.jpg,1
04863.jpg,2
00820.jpg,0
06741.jpg,0
01339.jpg,1
00910.jpg,0
00215.jpg,0
01026.jpg,2
05709.jpg,0
08042.jpg,1
07701.jpg,0
05276.jpg,1
04802.jpg,0
00478.jpg,0
07564.jpg,0
03899.jpg,0
01168.jpg,0
00336.jpg,0
00038.jpg,0
02161.jpg,1
03285.jpg,0
07546.jpg,0
07862.jpg,0
00001.jpg,0
04311.jpg,0
04117.jpg,1
05282.jpg,0
07738.jpg,1
00293.jpg,0
02336.jpg,1
04617.jpg,0
01738.jpg,0
02155.jpg,0
04454.jpg,0
06453.jpg,0
04980.jpg,0
02374.jpg,0
07381.jpg,0
00022.jpg,0
00317.jpg,0
01856.jpg,1
05233.jpg,0
01972.jpg,0
07556.jpg,2
04842.jpg,3
02307.jpg,0
04408.jpg,2
06445.jpg,2
07322.jpg,0
06119.jpg,0
07559.jpg,0
02689.jpg,0
05519.jpg,0
04610.jpg,2
07947.jpg,1
05445.jpg,0
02023.jpg,0
03074.jpg,2
06783.jpg,0
00904.jpg,0
06837.jpg,0
07834.jpg,0
00736.jpg,0
00708.jpg,0
04893.jpg,0
02073.jpg,0
00105.jpg,1
01064.jpg,1
01001.jpg,0
02652.jpg,1
07376.jpg,0
01990.jpg,1
02636.jpg,0
05351.jpg,0
06076.jpg,0
07330.jpg,0
00085.jpg,0
07811.jpg,1
01107.jpg,0
02685.jpg,0
06100.jpg,1
05364.jpg,0
08029.jpg,2
02902.jpg,0
07040.jpg,0
07747.jpg,0
00798.jpg,0
00058.jpg,2
04616.jpg,0
07361.jpg,2
02706.jpg,2
01139.jpg,0
04807.jpg,0
07324.jpg,0
05488.jpg,0
02930.jpg,1
06193.jpg,0
04635.jpg,0
00969.jpg,0
05650.jpg,0
06138.jpg,0
07757.jpg,1
03211.jpg,0
02237.jpg,0
03779.jpg,1
03352.jpg,0
01861.jpg,1
08116.jpg,0
02873.jpg,0
02392.jpg,0
03484.jpg,0
02163.jpg,0
02960.jpg,1
01669.jpg,1
03850.jpg,0
01260.jpg,1
06240.jpg,0
06954.jpg,0
01079.jpg,1
05216.jpg,0
06043.jpg,0
04999.jpg,2
04309.jpg,0
01538.jpg,0
03221.jpg,0
00211.jpg,0
04547.jpg,0
03657.jpg,0
02954.jpg,1
05729.jpg,0
01750.jpg,0
04398.jpg,0
07967.jpg,1
05753.jpg,2
02595.jpg,0
07963.jpg,2
02551.jpg,2
00546.jpg,0
03424.jpg,0
05837.jpg,0
03407.jpg,0
06390.jpg,1
06769.jpg,0
06421.jpg,0
04417.jpg,0
02751.jpg,0
03625.jpg,0
02413.jpg,1
05498.jpg,0
02271.jpg,2
01979.jpg,0
06937.jpg,2
05466.jpg,1
03320.jpg,2
02450.jpg,0
01320.jpg,0
04343.jpg,0
06242.jpg,0
00558.jpg,0
05983.jpg,0
01299.jpg,1
05810.jpg,2
00678.jpg,0
00510.jpg,2
01619.jpg,0
07413.jpg,1
07250.jpg,1
01148.jpg,0
01531.jpg,0
01423.jpg,0
03471.jpg,0
04430.jpg,0
03621.jpg,0
01560.jpg,3
06906.jpg,0
00911.jpg,0
05629.jpg,0
04168.jpg,1
08077.jpg,0
04839.jpg,0
06850.jpg,0
03503.jpg,0
06688.jpg,0
04517.jpg,0
03003.jpg,0
02293.jpg,0
00508.jpg,0
06806.jpg,0
02028.jpg,0
07430.jpg,1
03014.jpg,0
03523.jpg,0
05522.jpg,0
03650.jpg,0
00398.jpg,0
00076.jpg,0
05856.jpg,0
04672.jpg,1
01384.jpg,0
00306.jpg,0
02887.jpg,0
01651.jpg,1
07063.jpg,0
06709.jpg,0
05769.jpg,0
03985.jpg,0
02500.jpg,0
06659.jpg,1
05813.jpg,2
03155.jpg,1
06398.jpg,0
05609.jpg,2
05568.jpg,0
07920.jpg,0
03333.jpg,0
04933.jpg,0
07348.jpg,0
00769.jpg,0
06958.jpg,0
06374.jpg,0
03859.jpg,0
02700.jpg,1
05248.jpg,1
01357.jpg,0
03463.jpg,3
06116.jpg,2
01622.jpg,0
01677.jpg,0
01546.jpg,2
06452.jpg,1
01478.jpg,3
04606.jpg,0
01278.jpg,0
05469.jpg,0
03967.jpg,1
01583.jpg,1
05996.jpg,0
03457.jpg,0
00550.jpg,0
05149.jpg,1
01680.jpg,0
07066.jpg,0
00732.jpg,0
06146.jpg,1
06279.jpg,0
03776.jpg,1
05165.jpg,0
03082.jpg,0
07854.jpg,0
00745.jpg,0
07860.jpg,0
03616.jpg,2
06025.jpg,0
01387.jpg,1
01123.jpg,0
02537.jpg,0
03028.jpg,0
03537.jpg,0
02825.jpg,0
05576.jpg,0
02255.jpg,0
06346.jpg,0
06260.jpg,0
02963.jpg,1
04036.jpg,0
02924.jpg,0
00775.jpg,0
05895.jpg,0
02033.jpg,0
01202.jpg,0
04981.jpg,1
03142.jpg,1
03747.jpg,0
03162.jpg,0
04038.jpg,0
02320.jpg,1
02174.jpg,1
03377.jpg,3
05229.jpg,1
00902.jpg,1
03224.jpg,0
06303.jpg,0
03728.jpg,0
02670.jpg,0
05516.jpg,0
03437.jpg,0
00137.jpg,0
00497.jpg,0
00092.jpg,0
02348.jpg,0
02901.jpg,1
06456.jpg,2
04127.jpg,0
06329.jpg,0
06991.jpg,0
06370.jpg,1
00640.jpg,0
06108.jpg,3
01431.jpg,0
04427.jpg,0
03169.jpg,0
06635.jpg,0
02651.jpg,0
00165.jpg,0
03040.jpg,2
06037.jpg,0
00269.jpg,0
06810.jpg,0
08043.jpg,0
01974.jpg,0
04288.jpg,0
00687.jpg,0
02520.jpg,0
00024.jpg,0
04679.jpg,0
06034.jpg,0
07793.jpg,0
00225.jpg,1
00164.jpg,1
01925.jpg,0
06343.jpg,0
03883.jpg,0
08011.jpg,1
00835.jpg,0
00459.jpg,0
07644.jpg,1
03755.jpg,0
06836.jpg,0
07139.jpg,3
07555.jpg,0
02955.jpg,0
04325.jpg,1
01707.jpg,0
00569.jpg,1
04229.jpg,0
00555.jpg,0
00421.jpg,0
03970.jpg,1
08049.jpg,3
07122.jpg,0
00242.jpg,0
05910.jpg,2
01228.jpg,0
04737.jpg,1
03819.jpg,0
07600.jpg,1
02476.jpg,1
06621.jpg,1
03792.jpg,1
00801.jpg,0
02957.jpg,0
08024.jpg,1
07688.jpg,0
07445.jpg,0
04378.jpg,0
07515.jpg,0
06408.jpg,0
07586.jpg,0
06671.jpg,0
05594.jpg,0
00923.jpg,0
04639.jpg,0
03098.jpg,0
06387.jpg,0
02915.jpg,0
00538.jpg,0
05899.jpg,2
07542.jpg,0
03370.jpg,0
05220.jpg,0
03505.jpg,2
06364.jpg,0
02872.jpg,1
07265.jpg,0
01769.jpg,1
06434.jpg,0
01192.jpg,0
06910.jpg,0
02442.jpg,0
06890.jpg,0
01164.jpg,0
04447.jpg,0
06575.jpg,0
00250.jpg,0
01660.jpg,0
03955.jpg,0
04728.jpg,3
06504.jpg,0
01043.jpg,2
04153.jpg,0
08120.jpg,0
02136.jpg,1
02547.jpg,2
06011.jpg,0
03126.jpg,1
04901.jpg,0
05407.jpg,0
07164.jpg,1
04995.jpg,0
00784.jpg,0
06801.jpg,0
03310.jpg,0
00597.jpg,2
07992.jpg,0
01910.jpg,0
03206.jpg,0
03828.jpg,0
01553.jpg,0
07944.jpg,0
00848.jpg,0
03587.jpg,1
04494.jpg,0
04674.jpg,0
07686.jpg,1
06411.jpg,0
00959.jpg,0
06014.jpg,0
04286.jpg,0
05689.jpg,1
01789.jpg,2
01343.jpg,0
02125.jpg,2
07596.jpg,0
01248.jpg,0
00117.jpg,0
04157.jpg,2
01562.jpg,3
07035.jpg,2
07031.jpg,0
01844.jpg,0
00312.jpg,0
00901.jpg,0
04908.jpg,0
03309.jpg,2
01222.jpg,3
01200.jpg,1
06726.jpg,0
03125.jpg,0
04407.jpg,0
01794.jpg,0
03251.jpg,0
07953.jpg,0
00635.jpg,0
07175.jpg,0
01977.jpg,2
07651.jpg,1
01988.jpg,0
07696.jpg,0
00972.jpg,3
03403.jpg,0
00357.jpg,0
06981.jpg,0
01905.jpg,2
05828.jpg,0
05067.jpg,0
02222.jpg,0
00836.jpg,0
04900.jpg,1
04518.jpg,1
04437.jpg,0
01459.jpg,1
07883.jpg,1
06748.jpg,2
05217.jpg,1
02077.jpg,0
07858.jpg,0
02085.jpg,3
00849.jpg,0
03391.jpg,0
04523.jpg,0
06070.jpg,0
01579.jpg,1
05563.jpg,0
04377.jpg,0
04803.jpg,1
07246.jpg,3
05590.jpg,1
02397.jpg,0
01681.jpg,1
05615.jpg,0
07634.jpg,0
04585.jpg,2
06725.jpg,1
05679.jpg,0
07412.jpg,0
02855.jpg,0
00788.jpg,0
02024.jpg,1
03798.jpg,2
04230.jpg,0
01152.jpg,0
06172.jpg,0
07195.jpg,0
03127.jpg,0
01007.jpg,0
01487.jpg,0
03746.jpg,0
05913.jpg,1
03259.jpg,0
03228.jpg,1
05524.jpg,0
06425.jpg,0
01203.jpg,0
03594.jpg,0
06986.jpg,0
05560.jpg,0
03062.jpg,2
03322.jpg,0
05100.jpg,1
01229.jpg,0
04614.jpg,1
07254.jpg,0
06631.jpg,0
01956.jpg,0
06060.jpg,2
07297.jpg,1
00693.jpg,2
07320.jpg,1
07438.jpg,0
03164.jpg,1
03529.jpg,0
05206.jpg,0
01315.jpg,1
05147.jpg,0
03953.jpg,0
00216.jpg,3
04553.jpg,1
04431.jpg,2
05706.jpg,0
02030.jpg,1
07932.jpg,0
04402.jpg,0
06800.jpg,0
02631.jpg,0
04220.jpg,1
00500.jpg,0
03022.jpg,1
00751.jpg,0
05980.jpg,0
04857.jpg,0
07279.jpg,1
01160.jpg,0
02505.jpg,0
00954.jpg,1
06863.jpg,1
00950.jpg,0
08117.jpg,2
03046.jpg,0
03843.jpg,2
00470.jpg,0
05211.jpg,0
03210.jpg,2
05799.jpg,1
04182.jpg,1
02252.jpg,0
00202.jpg,2
05431.jpg,0
06384.jpg,0
05968.jpg,0
06405.jpg,0
04707.jpg,1
01175.jpg,2
02880.jpg,3
02256.jpg,0
04969.jpg,1
00386.jpg,0
04395.jpg,0
01379.jpg,0
00392.jpg,0
08098.jpg,0
03177.jpg,0
00681.jpg,0
03105.jpg,1
06110.jpg,0
07486.jpg,0
06351.jpg,1
02011.jpg,0
04945.jpg,0
04316.jpg,0
06832.jpg,0
08001.jpg,1
02851.jpg,0
01204.jpg,0
06786.jpg,0
07956.jpg,0
01575.jpg,0
01865.jpg,0
06959.jpg,0
06487.jpg,1
04820.jpg,0
04989.jpg,0
04622.jpg,2
02823.jpg,0
07943.jpg,1
06893.jpg,0
00239.jpg,0
00107.jpg,1
07534.jpg,2
06283.jpg,2
03510.jpg,0
03341.jpg,0
06956.jpg,0
03622.jpg,0
02590.jpg,0
03030.jpg,0
05044.jpg,1
00443.jpg,1
04192.jpg,0
03075.jpg,0
04953.jpg,0
04111.jpg,3
07906.jpg,3
04675.jpg,0
01091.jpg,0
07264.jpg,0
04199.jpg,1
00146.jpg,0
01254.jpg,1
04032.jpg,0
00850.jpg,0
07804.jpg,0
02835.jpg,0
03163.jpg,0
03006.jpg,0
04497.jpg,0
02282.jpg,0
02839.jpg,0
02106.jpg,1
06419.jpg,1
06422.jpg,0
06212.jpg,1
00338.jpg,2
05092.jpg,2
03084.jpg,0
05863.jpg,0
07680.jpg,2
04799.jpg,2
03550.jpg,2
03778.jpg,3
05497.jpg,0
05802.jpg,0
05391.jpg,0
07911.jpg,2
04023.jpg,0
04785.jpg,2
07459.jpg,0
02929.jpg,0
03723.jpg,0
06985.jpg,0
05358.jpg,1
03156.jpg,1
02050.jpg,1
00456.jpg,0
00347.jpg,1
06914.jpg,0
01157.jpg,0
00831.jpg,0
05636.jpg,0
04463.jpg,1
06967.jpg,2
06478.jpg,0
06772.jpg,0
01180.jpg,0
05869.jpg,0
00701.jpg,0
02976.jpg,2
01843.jpg,1
04202.jpg,0
06397.jpg,0
02927.jpg,0
00518.jpg,1
07772.jpg,0
04120.jpg,0
01876.jpg,0
05376.jpg,0
03939.jpg,1
05731.jpg,1
07232.jpg,0
00136.jpg,2
03078.jpg,2
05423.jpg,0
02157.jpg,1
00650.jpg,1
06931.jpg,2
01517.jpg,3
04793.jpg,0
02031.jpg,2
06683.jpg,0
04875.jpg,0
06611.jpg,2
03934.jpg,0
02842.jpg,2
07775.jpg,2
07056.jpg,0
03659.jpg,0
00423.jpg,0
04998.jpg,0
03797.jpg,1
05294.jpg,0
04078.jpg,0
01288.jpg,1
03729.jpg,0
06607.jpg,0
06736.jpg,1
02748.jpg,3
07200.jpg,1
01441.jpg,1
03727.jpg,1
04215.jpg,0
05666.jpg,0
05517.jpg,0
02068.jpg,0
02898.jpg,0
05015.jpg,0
05767.jpg,0
00449.jpg,0
07154.jpg,0
02646.jpg,0
07125.jpg,3
04535.jpg,0
05454.jpg,0
04890.jpg,1
00221.jpg,0
04390.jpg,0
07736.jpg,0
00127.jpg,0
05289.jpg,0
01024.jpg,1
01352.jpg,0
02446.jpg,0
02454.jpg,1
05242.jpg,2
00730.jpg,1
05118.jpg,0
04604.jpg,0
06802.jpg,0
02759.jpg,1
05069.jpg,0
02009.jpg,0
00547.jpg,0
07653.jpg,0
05137.jpg,1
00063.jpg,0
00628.jpg,2
06482.jpg,0
03007.jpg,1
00596.jpg,0
00148.jpg,0
06035.jpg,0
06207.jpg,0
04909.jpg,0
02007.jpg,0
05300.jpg,0
01739.jpg,1
04834.jpg,0
05065.jpg,0
05402.jpg,1
06926.jpg,0
07308.jpg,1
04750.jpg,0
01378.jpg,2
06657.jpg,0
07078.jpg,0
00325.jpg,0
06179.jpg,0
02709.jpg,0
07278.jpg,0
04800.jpg,2
02055.jpg,0
01726.jpg,0
02287.jpg,0
08019.jpg,0
05195.jpg,0
04154.jpg,2
01702.jpg,0
02981.jpg,0
00474.jpg,0
05809.jpg,2
00301.jpg,1
00280.jpg,0
01814.jpg,0
05540.jpg,0
04720.jpg,0
07272.jpg,0
05758.jpg,1
06103.jpg,0
07128.jpg,0
07275.jpg,0
00503.jpg,0
01666.jpg,0
01111.jpg,1
06006.jpg,0
01167.jpg,0
05319.jpg,1
04798.jpg,0
06063.jpg,0
04252.jpg,0
01233.jpg,0
03329.jpg,2
02549.jpg,0
04778.jpg,0
03889.jpg,0
06606.jpg,0
05062.jpg,2
02995.jpg,0
02337.jpg,0
01778.jpg,0
01923.jpg,0
04931.jpg,0
06571.jpg,0
05830.jpg,0
03120.jpg,3
07267.jpg,0
02771.jpg,0
07702.jpg,0
01177.jpg,0
04637.jpg,0
06805.jpg,1
05515.jpg,1
01176.jpg,2
03860.jpg,0
00139.jpg,0
03112.jpg,0
02040.jpg,0
07922.jpg,0
01147.jpg,3
03784.jpg,0
03136.jpg,0
07756.jpg,0
03268.jpg,0
00256.jpg,0
02378.jpg,0
00482.jpg,0
01838.jpg,0
06417.jpg,0
01443.jpg,0
04187.jpg,2
07684.jpg,1
00199.jpg,0
05788.jpg,0
00397.jpg,0
02052.jpg,0
07682.jpg,1
04360.jpg,0
08137.jpg,0
07774.jpg,0
04887.jpg,0
06883.jpg,0
06594.jpg,0
00140.jpg,0
03929.jpg,0
00512.jpg,0
03276.jpg,0
01675.jpg,0
04435.jpg,0
03793.jpg,0
00642.jpg,0
03181.jpg,0
02236.jpg,0
06109.jpg,0
07011.jpg,1
03558.jpg,1
07704.jpg,0
06009.jpg,0
03279.jpg,1
06601.jpg,2
07243.jpg,0
05087.jpg,0
07547.jpg,1
04176.jpg,0
06853.jpg,1
07137.jpg,1
02054.jpg,0
07417.jpg,1
07562.jpg,0
05882.jpg,0
07332.jpg,1
04179.jpg,0
06623.jpg,2
06946.jpg,2
04218.jpg,0
08125.jpg,0
00300.jpg,3
03047.jpg,0
02688.jpg,0
02999.jpg,1
04418.jpg,0
03742.jpg,0
02738.jpg,0
05838.jpg,0
03487.jpg,0
00885.jpg,0
06386.jpg,0
04150.jpg,0
02928.jpg,0
01772.jpg,0
00315.jpg,0
01885.jpg,0
02878.jpg,3
06012.jpg,1
01504.jpg,0
00171.jpg,0
00259.jpg,0
01693.jpg,1
01609.jpg,0
00066.jpg,0
04449.jpg,0
07499.jpg,0
00955.jpg,0
02519.jpg,3
06028.jpg,0
04121.jpg,0
03009.jpg,0
05823.jpg,1
05736.jpg,1
06720.jpg,2
00715.jpg,2
05669.jpg,0
03406.jpg,0
05874.jpg,0
07060.jpg,0
04211.jpg,0
07931.jpg,0
01862.jpg,0
00536.jpg,2
01251.jpg,0
01759.jpg,0
01732.jpg,2
06613.jpg,0
07429.jpg,0
06139.jpg,0
02511.jpg,1
00299.jpg,1
07120.jpg,0
00967.jpg,1
06084.jpg,0
02678.jpg,1
02175.jpg,0
04250.jpg,0
03917.jpg,1
03428.jpg,2
04102.jpg,1
00255.jpg,0
01617.jpg,0
00543.jpg,1
05586.jpg,0
06182.jpg,0
04602.jpg,0
06938.jpg,0
05507.jpg,3
05201.jpg,0
02718.jpg,0
07611.jpg,1
00956.jpg,0
04244.jpg,0
04464.jpg,0
07574.jpg,0
06395.jpg,0
05582.jpg,0
01585.jpg,0
04439.jpg,2
07392.jpg,0
03931.jpg,0
06015.jpg,0
05353.jpg,0
08035.jpg,0
02876.jpg,0
03592.jpg,0
01683.jpg,2
04249.jpg,1
07134.jpg,1
05902.jpg,0
06381.jpg,0
01135.jpg,0
07637.jpg,0
03297.jpg,0
04129.jpg,0
01285.jpg,1
04336.jpg,1
07826.jpg,0
02885.jpg,0
07360.jpg,0
06987.jpg,0
06747.jpg,0
01451.jpg,0
03204.jpg,3
07754.jpg,0
07526.jpg,1
01792.jpg,0
02810.jpg,0
02227.jpg,0
04103.jpg,0
06052.jpg,1
04195.jpg,0
07457.jpg,0
02712.jpg,1
02144.jpg,0
00167.jpg,0
07957.jpg,0
07304.jpg,0
04544.jpg,1
05224.jpg,1
01929.jpg,0
00685.jpg,0
00783.jpg,0
07973.jpg,0
05950.jpg,0
03922.jpg,0
06578.jpg,2
00616.jpg,0
02854.jpg,1
01779.jpg,0
04241.jpg,0
00170.jpg,3
00351.jpg,0
05984.jpg,2
04700.jpg,1
01514.jpg,0
03250.jpg,0
04128.jpg,0
04723.jpg,0
07694.jpg,0
00970.jpg,1
06439.jpg,0
06695.jpg,0
00567.jpg,0
04148.jpg,1
06169.jpg,0
07065.jpg,3
06746.jpg,2
05033.jpg,1
02594.jpg,0
01904.jpg,1
05148.jpg,0
04432.jpg,0
07037.jpg,0
04963.jpg,0
04731.jpg,1
07425.jpg,0
07089.jpg,0
00348.jpg,0
06577.jpg,2
00403.jpg,1
05926.jpg,0
03071.jpg,0
07566.jpg,0
02536.jpg,0
05962.jpg,0
04318.jpg,2
01322.jpg,0
07364.jpg,0
04123.jpg,0
04761.jpg,0
03904.jpg,0
05286.jpg,1
03641.jpg,0
05526.jpg,2
07391.jpg,1
00917.jpg,0
08097.jpg,0
07119.jpg,1
07116.jpg,0
02428.jpg,0
06367.jpg,0
05738.jpg,2
02018.jpg,1
00737.jpg,3
02177.jpg,0
02133.jpg,0
01951.jpg,1
02650.jpg,0
03148.jpg,0
01641.jpg,0
06859.jpg,0
05325.jpg,3
00625.jpg,1
03549.jpg,0
01289.jpg,2
07623.jpg,0
03590.jpg,0
07984.jpg,0
00373.jpg,0
01403.jpg,0
06211.jpg,0
01346.jpg,0
04657.jpg,2
04942.jpg,0
05646.jpg,0
07936.jpg,0
03911.jpg,0
01817.jpg,1
03067.jpg,0
03388.jpg,0
05409.jpg,0
01598.jpg,2
01507.jpg,0
01658.jpg,0
03438.jpg,0
05250.jpg,1
02524.jpg,2
04572.jpg,0
03966.jpg,1
02451.jpg,0
06903.jpg,0
03848.jpg,0
07831.jpg,0
03791.jpg,0
00417.jpg,1
04991.jpg,0
01879.jpg,0
04264.jpg,1
05499.jpg,0
07202.jpg,0
01367.jpg,0
02270.jpg,0
03605.jpg,0
06143.jpg,0
00785.jpg,0
00729.jpg,0
07890.jpg,0
01150.jpg,0
06567.jpg,0
00842.jpg,2
01377.jpg,0
04985.jpg,0
03680.jpg,2
03661.jpg,0
05007.jpg,0
07260.jpg,2
06058.jpg,0
07476.jpg,0
04272.jpg,1
04687.jpg,0
00580.jpg,0
07143.jpg,2
06618.jpg,0
02087.jpg,0
07341.jpg,1
01104.jpg,0
02279.jpg,0
05066.jpg,0
02603.jpg,0
06977.jpg,1
05547.jpg,0
05740.jpg,0
00870.jpg,0
06222.jpg,0
07420.jpg,1
07233.jpg,0
03957.jpg,0
00793.jpg,0
05854.jpg,0
07014.jpg,1
01463.jpg,0
03415.jpg,0
07185.jpg,0
00968.jpg,0
03916.jpg,1
05115.jpg,2
00919.jpg,1
03559.jpg,0
04445.jpg,1
03027.jpg,0
02014.jpg,2
05703.jpg,3
07952.jpg,0
05032.jpg,3
00344.jpg,1
00869.jpg,0
06334.jpg,0
01171.jpg,3
02363.jpg,1
07168.jpg,0
07049.jpg,0
03560.jpg,0
04567.jpg,0
05190.jpg,0
06184.jpg,0
00178.jpg,2
07828.jpg,3
04917.jpg,0
02114.jpg,0
00444.jpg,0
05500.jpg,0
07463.jpg,0
02923.jpg,0
04965.jpg,0
00515.jpg,0
04768.jpg,0
02410.jpg,1
05845.jpg,3
06648.jpg,0
07191.jpg,0
05435.jpg,0
05770.jpg,0
05170.jpg,0
03710.jpg,0
04747.jpg,0
01723.jpg,0
07502.jpg,0
04669.jpg,1
06507.jpg,0
04889.jpg,1
01631.jpg,0
00337.jpg,0
07668.jpg,0
02634.jpg,2
01840.jpg,0
02299.jpg,1
03367.jpg,0
06285.jpg,0
03260.jpg,1
07000.jpg,0
07732.jpg,2
07455.jpg,0
05465.jpg,2
06484.jpg,0
02061.jpg,0
02418.jpg,0
01765.jpg,2
07671.jpg,0
02193.jpg,0
05865.jpg,0
06332.jpg,1
07929.jpg,0
02280.jpg,1
07282.jpg,3
07327.jpg,0
00236.jpg,0
01456.jpg,1
01212.jpg,2
02140.jpg,0
07140.jpg,0
01170.jpg,0
06337.jpg,2
02512.jpg,2
05992.jpg,1
03272.jpg,0
07850.jpg,0
06869.jpg,0
05685.jpg,1
07372.jpg,0
00113.jpg,1
07109.jpg,0
05759.jpg,0
03132.jpg,2
05084.jpg,0
06637.jpg,0
01183.jpg,0
00332.jpg,0
05534.jpg,0
01436.jpg,0
07879.jpg,0
02791.jpg,0
02892.jpg,0
07751.jpg,0
06705.jpg,0
05099.jpg,0
02475.jpg,0
01737.jpg,1
03287.jpg,1
00988.jpg,0
07519.jpg,0
04531.jpg,0
01283.jpg,0
03810.jpg,0
06020.jpg,0
06291.jpg,0
04159.jpg,0
07441.jpg,0
03926.jpg,1
04428.jpg,0
00661.jpg,0
07383.jpg,0
00487.jpg,1
05543.jpg,2
02494.jpg,2
02124.jpg,0
07434.jpg,1
01627.jpg,2
01827.jpg,0
04824.jpg,0
07852.jpg,2
05875.jpg,0
01757.jpg,0
02341.jpg,0
06646.jpg,0
00517.jpg,0
00190.jpg,0
00257.jpg,0
03034.jpg,0
02167.jpg,0
01526.jpg,0
02596.jpg,0
04339.jpg,0
00672.jpg,3
07082.jpg,0
05527.jpg,1
00905.jpg,0
05045.jpg,0
05819.jpg,0
04906.jpg,0
06097.jpg,0
05663.jpg,3
02489.jpg,0
00129.jpg,0
02832.jpg,0
00620.jpg,1
07654.jpg,0
02311.jpg,1
01186.jpg,0
07013.jpg,0
07557.jpg,0
02912.jpg,2
06393.jpg,0
06771.jpg,0
07276.jpg,0
03327.jpg,0
00209.jpg,0
00445.jpg,0
03465.jpg,0
02734.jpg,3
07373.jpg,0
03582.jpg,0
07660.jpg,2
07919.jpg,0
03583.jpg,0
00282.jpg,0
00961.jpg,0
02638.jpg,1
06653.jpg,0
01389.jpg,0
03789.jpg,2
00318.jpg,0
06760.jpg,0
05304.jpg,0
03949.jpg,0
04792.jpg,0
07171.jpg,0
02778.jpg,1
01588.jpg,0
00803.jpg,0
07180.jpg,0
02768.jpg,1
07156.jpg,0
01141.jpg,0
04912.jpg,0
05005.jpg,0
06300.jpg,0
00896.jpg,0
04968.jpg,1
04132.jpg,0
02507.jpg,0
01071.jpg,0
07201.jpg,1
05776.jpg,1
05338.jpg,0
01782.jpg,0
03145.jpg,2
02659.jpg,1
04104.jpg,2
01290.jpg,0
07888.jpg,0
03354.jpg,1
03029.jpg,0
03092.jpg,0
05587.jpg,0
07635.jpg,0
01688.jpg,2
00380.jpg,0
04855.jpg,0
05150.jpg,0
06900.jpg,0
02910.jpg,0
02684.jpg,2
06161.jpg,1
00773.jpg,1
00516.jpg,2
05645.jpg,0
06707.jpg,0
02419.jpg,0
07474.jpg,0
04555.jpg,0
00488.jpg,0
00618.jpg,1
03702.jpg,0
06976.jpg,0
07778.jpg,0
04348.jpg,1
05101.jpg,0
06860.jpg,0
01632.jpg,0
01129.jpg,0
00662.jpg,2
03600.jpg,1
00143.jpg,1
00489.jpg,0
07945.jpg,0
02715.jpg,0
07114.jpg,0
00086.jpg,1
05379.jpg,0
03543.jpg,0
08092.jpg,2
06932.jpg,0
05756.jpg,0
00523.jpg,0
06366.jpg,0
07047.jpg,3
06961.jpg,1
00094.jpg,0
07509.jpg,1
01438.jpg,1
04166.jpg,0
06649.jpg,0
07482.jpg,0
06426.jpg,0
00287.jpg,2
01516.jpg,0
08018.jpg,0
08065.jpg,1
04626.jpg,0
05456.jpg,0
05930.jpg,0
00274.jpg,0
05421.jpg,0
01639.jpg,0
08104.jpg,0
03094.jpg,2
00374.jpg,0
05829.jpg,1
05106.jpg,2
03675.jpg,0
00420.jpg,0
00940.jpg,0
06168.jpg,0
04108.jpg,1
06042.jpg,1
06690.jpg,0
03068.jpg,0
06078.jpg,0
05960.jpg,2
06680.jpg,1
06552.jpg,0
06529.jpg,0
01635.jpg,1
08124.jpg,0
01959.jpg,0
00248.jpg,0
03483.jpg,1
06543.jpg,0
07966.jpg,1
00754.jpg,1
04235.jpg,3
07825.jpg,0
02241.jpg,0
04612.jpg,0
00663.jpg,0
00610.jpg,1
06731.jpg,0
04996.jpg,2
00859.jpg,0
00645.jpg,2
05310.jpg,0
02354.jpg,1
05320.jpg,0
04292.jpg,0
02379.jpg,0
06789.jpg,1
07521.jpg,0
03086.jpg,0
06995.jpg,0
01859.jpg,0
05235.jpg,0
02703.jpg,1
03715.jpg,0
06548.jpg,1
07595.jpg,1
02769.jpg,1
07045.jpg,0
01020.jpg,0
00838.jpg,0
03041.jpg,1
00568.jpg,0
07693.jpg,0
06701.jpg,0
06099.jpg,0
06444.jpg,0
04098.jpg,0
03809.jpg,1
03982.jpg,0
05071.jpg,1
01102.jpg,2
00483.jpg,2
03057.jpg,0
04434.jpg,1
02740.jpg,0
04027.jpg,0
04266.jpg,0
05789.jpg,0
07402.jpg,0
04474.jpg,0
06267.jpg,0
00599.jpg,1
01943.jpg,0
02449.jpg,0
05245.jpg,0
04069.jpg,0
06596.jpg,0
05484.jpg,1
07755.jpg,0
05626.jpg,0
02369.jpg,1
07234.jpg,3
02213.jpg,0
05295.jpg,0
00027.jpg,0
01338.jpg,0
06237.jpg,0
07579.jpg,1
05904.jpg,0
03231.jpg,0
06480.jpg,0
01214.jpg,0
02844.jpg,0
07725.jpg,0
00888.jpg,0
03769.jpg,0
05037.jpg,0
07723.jpg,0
05080.jpg,0
00226.jpg,2
07643.jpg,0
07505.jpg,0
05055.jpg,0
04233.jpg,3
03833.jpg,0
04833.jpg,0
02710.jpg,0
06702.jpg,1
02679.jpg,1
06935.jpg,0
03677.jpg,1
02334.jpg,0
01225.jpg,0
08064.jpg,1
02221.jpg,1
03743.jpg,0
05675.jpg,0
00238.jpg,0
04987.jpg,1
07589.jpg,0
03593.jpg,0
07899.jpg,0
01858.jpg,0
07095.jpg,0
02376.jpg,0
03886.jpg,0
02091.jpg,0
00376.jpg,0
05452.jpg,0
03184.jpg,0
02819.jpg,1
04921.jpg,0
04039.jpg,0
06585.jpg,0
01392.jpg,0
03282.jpg,0
00302.jpg,0
02698.jpg,0
00191.jpg,1
04818.jpg,0
04151.jpg,0
05169.jpg,0
05051.jpg,0
02770.jpg,0
05820.jpg,0
01541.jpg,3
05822.jpg,0
07629.jpg,1
08088.jpg,0
02066.jpg,0
01783.jpg,0
04538.jpg,0
05537.jpg,0
07889.jpg,0
07669.jpg,0
03187.jpg,1
02154.jpg,0
07363.jpg,1
04994.jpg,0
02248.jpg,0
00134.jpg,0
05348.jpg,2
05923.jpg,0
06098.jpg,0
06936.jpg,0
04804.jpg,1
07846.jpg,0
07380.jpg,2
02653.jpg,0
00458.jpg,0
02938.jpg,2
05124.jpg,1
00520.jpg,0
02117.jpg,0
00816.jpg,0
02585.jpg,0
04712.jpg,0
06923.jpg,0
06849.jpg,1
00442.jpg,0
00810.jpg,2
07867.jpg,0
01989.jpg,0
08095.jpg,0
04054.jpg,0
00013.jpg,0
02607.jpg,1
01656.jpg,1
01982.jpg,0
06604.jpg,3
07971.jpg,0
02701.jpg,0
03296.jpg,0
03551.jpg,2
05808.jpg,2
00674.jpg,3
05898.jpg,0
03800.jpg,1
03813.jpg,0
06252.jpg,1
07619.jpg,0
04843.jpg,0
00186.jpg,2
05081.jpg,0
03401.jpg,1
06181.jpg,0
04024.jpg,1
03246.jpg,1
07258.jpg,0
03474.jpg,1
04726.jpg,0
00608.jpg,0
01215.jpg,2
04937.jpg,0
06728.jpg,1
07393.jpg,0
00920.jpg,0
00438.jpg,0
06781.jpg,0
01313.jpg,0
07713.jpg,0
07782.jpg,0
02708.jpg,0
05981.jpg,0
04821.jpg,1
01880.jpg,0
06198.jpg,0
03044.jpg,0
05699.jpg,0
03539.jpg,2
05205.jpg,2
08100.jpg,0
01554.jpg,0
06196.jpg,0
06087.jpg,3
03445.jpg,0
07182.jpg,0
02426.jpg,0
04238.jpg,0
04530.jpg,0
03278.jpg,0
01640.jpg,0
01246.jpg,1
01098.jpg,0
00111.jpg,0
04263.jpg,0
00054.jpg,0
03969.jpg,0
01195.jpg,0
07842.jpg,0
04173.jpg,0
04200.jpg,1
00507.jpg,0
00008.jpg,0
06302.jpg,0
03927.jpg,1
03413.jpg,0
05566.jpg,1
02794.jpg,0
02412.jpg,0
02086.jpg,0
03640.jpg,0
01197.jpg,0
04575.jpg,0
07580.jpg,1
02696.jpg,0
05999.jpg,1
01302.jpg,0
03318.jpg,3
06537.jpg,2
04400.jpg,0
07954.jpg,0
02217.jpg,0
04070.jpg,0
03987.jpg,0
01808.jpg,2
00718.jpg,1
05091.jpg,0
04975.jpg,0
05406.jpg,0
07985.jpg,3
01358.jpg,0
02618.jpg,2
05281.jpg,0
07303.jpg,2
01836.jpg,2
04856.jpg,1
06073.jpg,1
04910.jpg,0
00460.jpg,0
05589.jpg,1
00605.jpg,0
03466.jpg,1
02471.jpg,0
00519.jpg,0
02666.jpg,0
01271.jpg,0
06005.jpg,0
06962.jpg,0
01430.jpg,2
06464.jpg,2
06717.jpg,3
00873.jpg,0
00052.jpg,1
02482.jpg,2
00340.jpg,0
02777.jpg,0
00098.jpg,0
01003.jpg,0
03735.jpg,0
06744.jpg,0
03446.jpg,0
04870.jpg,0
03928.jpg,0
01612.jpg,2
03183.jpg,0
06839.jpg,0
00251.jpg,0
05425.jpg,0
04566.jpg,2
03998.jpg,0
06349.jpg,1
01557.jpg,1
05491.jpg,2
05377.jpg,0
00177.jpg,1
02328.jpg,0
06628.jpg,0
01809.jpg,0
06584.jpg,2
00159.jpg,0
02240.jpg,0
02166.jpg,0
03374.jpg,0
06228.jpg,2
06539.jpg,0
06638.jpg,0
01075.jpg,2
00290.jpg,0
06256.jpg,2
02443.jpg,2
06455.jpg,1
02401.jpg,0
08113.jpg,0
03161.jpg,0
02579.jpg,0
00983.jpg,0
00056.jpg,2
07211.jpg,0
01540.jpg,0
01665.jpg,0
04415.jpg,1
05447.jpg,2
05917.jpg,1
00383.jpg,1
04686.jpg,0
06885.jpg,0
05018.jpg,0
04647.jpg,3
05744.jpg,1
06173.jpg,2
08057.jpg,1
06338.jpg,0
06230.jpg,0
04341.jpg,2
01587.jpg,0
06898.jpg,0
06913.jpg,2
06049.jpg,1
07064.jpg,2
02580.jpg,0
04873.jpg,3
03546.jpg,1
00656.jpg,0
03945.jpg,0
03090.jpg,1
02284.jpg,0
02668.jpg,0
04947.jpg,1
02178.jpg,0
04633.jpg,0
07008.jpg,0
01744.jpg,0
05275.jpg,0
05132.jpg,1
01184.jpg,0
05993.jpg,0
05158.jpg,0
07991.jpg,1
03540.jpg,0
06157.jpg,1
03556.jpg,1
04074.jpg,3
07552.jpg,2
07977.jpg,0
07590.jpg,0
01802.jpg,1
06517.jpg,3
00853.jpg,0
05721.jpg,0
05595.jpg,1
07661.jpg,0
07319.jpg,0
04846.jpg,1
02757.jpg,0
05916.jpg,0
03880.jpg,0
05943.jpg,1
06379.jpg,0
01345.jpg,2
01558.jpg,0
08078.jpg,0
07631.jpg,2
02555.jpg,1
06544.jpg,0
01595.jpg,1
08034.jpg,0
00594.jpg,0
07259.jpg,0
01397.jpg,0
06039.jpg,1
05687.jpg,1
06820.jpg,3
01584.jpg,0
05970.jpg,0
00582.jpg,0
04584.jpg,0
05779.jpg,0
03346.jpg,0
04044.jpg,1
03172.jpg,0
05059.jpg,0
03913.jpg,0
06331.jpg,1
07994.jpg,0
02309.jpg,0
04213.jpg,3
05622.jpg,0
04388.jpg,0
02469.jpg,0
00126.jpg,0
00286.jpg,1
01690.jpg,2
05317.jpg,1
02395.jpg,0
01166.jpg,0
06669.jpg,0
00131.jpg,0
01748.jpg,0
03055.jpg,0
07077.jpg,0
07543.jpg,2
00583.jpg,0
01130.jpg,0
01408.jpg,0
07395.jpg,2
00818.jpg,0
01742.jpg,1
00697.jpg,0
01756.jpg,0
02937.jpg,0
08093.jpg,0
02391.jpg,1
07622.jpg,0
02562.jpg,0
01527.jpg,0
06897.jpg,0
01637.jpg,0
00867.jpg,2
05311.jpg,0
06696.jpg,0
04482.jpg,0
05561.jpg,0
04534.jpg,1
04476.jpg,0
01685.jpg,0
01894.jpg,0
05927.jpg,1
01036.jpg,0
03577.jpg,2
03192.jpg,0
04628.jpg,0
02209.jpg,2
03994.jpg,0
06523.jpg,0
08046.jpg,0
01957.jpg,0
00384.jpg,0
02160.jpg,3
07687.jpg,0
05209.jpg,0
01437.jpg,0
01510.jpg,0
00529.jpg,0
07679.jpg,0
02974.jpg,0
03223.jpg,2
01173.jpg,1
06125.jpg,3
07469.jpg,0
07222.jpg,1
01004.jpg,0
02152.jpg,0
05384.jpg,0
06609.jpg,2
02223.jpg,0
00977.jpg,1
02922.jpg,0
08014.jpg,0
06061.jpg,0
05264.jpg,0
01321.jpg,0
00545.jpg,1
07447.jpg,1
01328.jpg,0
00115.jpg,0
00198.jpg,0
07950.jpg,1
04874.jpg,1
00747.jpg,0
03376.jpg,0
00074.jpg,2
07613.jpg,0
04429.jpg,0
06778.jpg,0
01151.jpg,0
00521.jpg,0
03450.jpg,0
04055.jpg,0
05113.jpg,2
03144.jpg,0
00934.jpg,0
03467.jpg,0
02035.jpg,1
05946.jpg,0
00362.jpg,1
01672.jpg,1
06660.jpg,0
00422.jpg,0
00152.jpg,0
05237.jpg,1
05284.jpg,1
03195.jpg,2
08126.jpg,0
01468.jpg,0
04791.jpg,0
03516.jpg,2
06723.jpg,3
01028.jpg,0
06581.jpg,0
07241.jpg,0
05219.jpg,0
02027.jpg,0
08096.jpg,0
05720.jpg,0
05585.jpg,0
06318.jpg,0
05326.jpg,0
06264.jpg,0
06819.jpg,0
02564.jpg,3
08026.jpg,0
06424.jpg,0
05656.jpg,3
05399.jpg,3
07481.jpg,0
04365.jpg,0
06852.jpg,0
03218.jpg,3
04551.jpg,0
01614.jpg,0
05551.jpg,1
01477.jpg,2
04133.jpg,0
00270.jpg,2
05024.jpg,1
02553.jpg,0
04500.jpg,0
04201.jpg,0
08061.jpg,3
07838.jpg,1
03240.jpg,2
03526.jpg,2
07783.jpg,0
04194.jpg,0
08010.jpg,0
03035.jpg,0
06602.jpg,0
01058.jpg,0
01329.jpg,0
03229.jpg,0
07819.jpg,0
05274.jpg,0
08102.jpg,0
07166.jpg,0
07242.jpg,0
03069.jpg,0
05800.jpg,0
01394.jpg,0
04902.jpg,0
05063.jpg,0
05398.jpg,0
00020.jpg,0
01674.jpg,0
05955.jpg,0
02831.jpg,0
05859.jpg,1
06004.jpg,0
04641.jpg,1
02966.jpg,2
07583.jpg,0
08129.jpg,0
07427.jpg,0
02870.jpg,0
02303.jpg,1
05897.jpg,1
04772.jpg,1
05657.jpg,1
04894.jpg,0
02422.jpg,0
07677.jpg,1
00677.jpg,0
08134.jpg,2
04648.jpg,2
06787.jpg,0
01213.jpg,0
00694.jpg,1
02597.jpg,2
00387.jpg,0
03507.jpg,0
01648.jpg,1
07247.jpg,0
02720.jpg,1
01777.jpg,0
03431.jpg,0
04061.jpg,0
08002.jpg,0
04126.jpg,0
07150.jpg,1
04634.jpg,0
06673.jpg,1
04773.jpg,0
05674.jpg,0
03685.jpg,2
03031.jpg,0
04850.jpg,1
07658.jpg,0
02993.jpg,0
06983.jpg,0
03316.jpg,0
02056.jpg,0
02593.jpg,0
03871.jpg,0
05471.jpg,0
03708.jpg,2
01735.jpg,0
03806.jpg,1
07667.jpg,1
07226.jpg,0
04165.jpg,0
06612.jpg,0
06818.jpg,0
05782.jpg,0
06491.jpg,3
01578.jpg,0
03693.jpg,0
04790.jpg,3
01968.jpg,0
03389.jpg,1
08017.jpg,2
03847.jpg,0
06554.jpg,3
00410.jpg,0
07015.jpg,1
07604.jpg,0
04528.jpg,0
05420.jpg,0
06816.jpg,0
07881.jpg,0
06573.jpg,1
07415.jpg,1
05343.jpg,0
03501.jpg,0
02438.jpg,0
04907.jpg,0
06062.jpg,1
04529.jpg,0
01731.jpg,0
04960.jpg,0
07925.jpg,0
02563.jpg,0
08036.jpg,0
05184.jpg,0
01805.jpg,0
04746.jpg,0
01695.jpg,1
01597.jpg,1
02377.jpg,0
00037.jpg,0
00034.jpg,1
00535.jpg,1
03392.jpg,0
05885.jpg,0
00059.jpg,2
00102.jpg,0
07216.jpg,0
02705.jpg,0
00844.jpg,0
05660.jpg,0
07721.jpg,0
06122.jpg,0
02829.jpg,1
02598.jpg,0
05691.jpg,0
06094.jpg,0
06474.jpg,0
03732.jpg,0
05181.jpg,0
00878.jpg,0
01969.jpg,0
07986.jpg,1
03143.jpg,1
05633.jpg,0
01314.jpg,0
00722.jpg,2
04536.jpg,0
07624.jpg,0
02632.jpg,0
05956.jpg,0
04676.jpg,0
07803.jpg,0
06150.jpg,3
01491.jpg,0
02417.jpg,0
05003.jpg,2
07385.jpg,0
01559.jpg,0
07512.jpg,0
03497.jpg,3
02613.jpg,0
00394.jpg,1
07355.jpg,0
01489.jpg,0
07750.jpg,2
00169.jpg,3
00359.jpg,1
03302.jpg,0
00602.jpg,0
05577.jpg,1
04471.jpg,0
07516.jpg,0
03053.jpg,0
04056.jpg,1
01419.jpg,2
05906.jpg,0
07612.jpg,0
07528.jpg,0
04131.jpg,0
02533.jpg,0
06599.jpg,0
00060.jpg,2
04512.jpg,0
08052.jpg,1
05117.jpg,0
05901.jpg,1
05922.jpg,0
